id,label,x,y,final_status
650,azãºcar huayo,612215.6938870756,8752998.747562915,failed
651,azãºcar huayo,612177.4210333019,8753007.74226487,failed
652,azãºcar huayo,612211.6039471733,8753098.35088941,failed
653,azãºcar huayo,612102.9770994501,8753146.702563073,failed
654,azãºcar huayo,612125.9338713638,8753169.814482167,failed
655,azãºcar huayo,612105.4920318943,8753185.574685063,failed
656,azãºcar huayo,612090.0010923562,8753184.536298165,failed
657,azãºcar huayo,612079.8349269795,8753201.576746818,failed
658,azãºcar huayo,612011.2627221398,8753168.503701005,failed
660,azãºcar huayo,611786.992811137,8753136.042348191,failed
661,azãºcar huayo,611831.0184990944,8753109.526186999,failed
662,azãºcar huayo,611824.2303927809,8753089.083667047,failed
663,azãºcar huayo,611835.6453314256,8753184.33612136,failed
666,azãºcar huayo,611957.7616060651,8753102.460908497,failed
667,azãºcar huayo,611965.0934790103,8753124.498075642,failed
668,azãºcar huayo,611930.5269792975,8753048.950538933,failed
671,azãºcar huayo,612267.0222696172,8752777.340303842,failed
684,azãºcar huayo,611732.5287241502,8753130.25546774,failed
685,azãºcar huayo,611733.140170698,8753133.989565888,failed
686,azãºcar huayo,611763.8254213382,8753081.329644812,failed
687,azãºcar huayo,611740.1911654245,8753091.427026333,failed
688,azãºcar huayo,611749.3920800829,8753068.968601191,failed
689,azãºcar huayo,611757.9174692325,8753074.74836248,failed
693,azãºcar huayo,612012.5399242557,8753084.699382398,failed
694,azãºcar huayo,612056.3796177851,8753162.940979745,failed
695,azãºcar huayo,612036.7558326606,8753150.159815483,failed
627,shihuahuaco,610378.3174757884,8758738.579077315,failed
629,shihuahuaco,610266.1072219047,8758549.422756677,failed
630,shihuahuaco,610245.195127314,8758595.481217133,failed
635,shihuahuaco,610239.2059532072,8758732.438521411,failed
636,caoba,610604.5991749115,8758702.81636055,failed
637,caoba,610745.6017034946,8758730.512809997,failed
672,caoba,610445.2278430727,8758797.184887834,failed
673,caoba,610662.4164042915,8758652.03804271,failed
674,caoba,610621.8161339212,8758653.467120027,failed
648,azãºcar huayo,609553.0522296093,8757566.513634631,failed
681,azãºcar huayo,609419.0714363368,8757640.067743208,failed
682,azãºcar huayo,609441.838790945,8757545.005628478,failed
659,ana caspi,611745.4708941375,8753208.21051437,center
664,ana caspi,611933.2906073215,8753284.051751984,failed
665,ana caspi,611952.3241245763,8753318.63676501,failed
669,ana caspi,611910.1022153564,8753362.560941653,failed
670,ana caspi,611867.4427288185,8753414.766705288,failed
683,ana caspi,611770.4428164961,8753447.878538754,failed
690,ana caspi,611771.0458103872,8753435.808907473,failed
691,ana caspi,612087.737237065,8753267.077099862,failed
692,ana caspi,612149.384670923,8753241.606100427,failed
696,azãºcar huayo,611990.0891481935,8753210.704394875,failed
649,estoraque,610562.0847665224,8756519.488504913,failed
638,estoraque,609616.9712629165,8753823.36850876,failed
639,estoraque,610004.7914677295,8753833.862433884,failed
640,estoraque,610027.3014526713,8753857.63845246,failed
641,estoraque,610000.8096643131,8753858.89252511,failed
642,estoraque,610054.7968314775,8753838.95615204,failed
643,estoraque,610007.3377115496,8753817.47478517,failed
644,estoraque,610104.8369790432,8753822.551227175,failed
645,estoraque,610100.3511387259,8753787.69688368,failed
646,estoraque,610041.6722310964,8753560.109445503,failed
647,estoraque,609796.5421541338,8753492.01554865,failed
676,estoraque,609637.1593442014,8753628.555885116,center
677,estoraque,609654.1693647751,8753680.285823653,center
678,estoraque,609668.283017452,8753725.71968526,center
679,estoraque,609900.0638374715,8753782.180522952,center
680,estoraque,609857.8224382862,8753783.147142252,center
628,caoba,611040.4005899891,8758747.119325235,failed
631,caoba,611023.4532540812,8758753.34430444,failed
632,caoba,610870.0394179452,8758758.937591692,failed
633,caoba,610969.7499208796,8758633.20728865,failed
634,caoba,611030.570170698,8758507.119068453,failed
675,caoba,610801.2115951292,8758784.420993408,failed
30,capirona,592298.4481053823,9111613.118505789,center
33,capirona,592430.4707228601,9111583.05559342,failed
42,capirona,592231.1726783834,9111596.157082891,failed
46,capirona,592278.7481262732,9111581.970637158,center
51,capirona,592482.9682448105,9111566.070576986,center
52,capirona,592333.7337617395,9111630.209551638,center
8,capirona,601330.823587712,9112667.740824454,center
22,capirona,601298.8987368182,9112943.907365318,failed
6,almendro,592692.0188584519,9113186.88687382,failed
15,almendro,592672.6194333514,9113247.520340545,center
25,almendro,592658.5620317326,9113244.291115656,center
31,almendro,592157.6410598176,9113085.907760916,failed
47,almendro,592544.5368177817,9113204.255547717,failed
48,almendro,592550.541974291,9113176.284326566,failed
7,almendro,592422.6686066843,9111891.876581652,failed
9,almendro,592247.6870525862,9111911.094053332,failed
10,almendro,592242.6426904389,9112069.421896225,center
16,almendro,592426.0117859315,9112143.792589288,center
17,almendro,592519.4823476095,9112152.693962535,center
26,almendro,592165.8643885213,9111923.16690246,failed
27,almendro,592539.7680701772,9112053.461472023,center
28,almendro,592146.8677961499,9112049.139396816,center
29,almendro,592214.2728818299,9112175.069486653,center
32,almendro,592666.9767750147,9112278.081793249,center
35,almendro,592718.8713397085,9112279.455377432,failed
36,almendro,592275.1718772772,9111999.178469934,failed
41,almendro,592144.6814962024,9112034.750629703,center
44,almendro,592468.7049297843,9112078.032945745,failed
45,almendro,592190.8194055972,9112053.102214733,center
0,lupuna,594144.9344696965,9111153.582760507,failed
1,lupuna,594389.0181486073,9111558.692950599,failed
11,lupuna,594468.7257782723,9111214.731751833,failed
12,lupuna,594304.8151790844,9111234.971320393,failed
13,lupuna,594579.5903820426,9111354.157593686,failed
14,lupuna,594432.2868627951,9111375.900179181,failed
18,lupuna,594369.1194578063,9111198.328088112,failed
19,lupuna,594375.9679430593,9111217.44042266,failed
20,lupuna,594207.720092878,9111203.295177666,failed
21,lupuna,594288.4834684494,9111518.271802139,failed
3,capirona,602419.8467478288,9111656.71902869,failed
23,capirona,602715.524857214,9111543.513805058,failed
34,capirona,602608.0014277351,9111360.652380485,center
37,capirona,602344.1756125179,9111668.194651969,failed
38,capirona,602743.3594201407,9111484.374750748,failed
2,capirona,602471.8175218512,9109421.963403175,center
4,capirona,602731.3255469394,9109275.038636234,failed
5,capirona,602291.1115675588,9109267.3053985,center
24,capirona,602620.9005127834,9109387.810972316,failed
39,capirona,602174.2683479607,9109444.58271443,failed
40,capirona,602238.2896390597,9109139.716084722,failed
43,capirona,602316.9548052049,9109312.647527928,center
49,capirona,602575.2994756972,9109408.476161612,center
50,capirona,602428.9374164799,9109167.389468418,failed
70,copaiba,380759.1504460975,8779754.741450723,failed
71,copaiba,380850.6784918273,8779724.084055701,failed
72,copaiba,380780.28688047285,8779608.277904017,center
74,copaiba,380841.1264028454,8779252.188015262,center
75,copaiba,380855.42905311944,8779351.565242145,center
76,copaiba,380767.78825125523,8779496.708881859,center
77,copaiba,380762.36223482783,8779512.10578084,center
78,copaiba,380720.2725431734,8779571.733651247,center
79,copaiba,380568.31446245057,8779534.006255947,failed
80,copaiba,380618.44966895116,8779362.91308465,center
81,copaiba,380535.2271107142,8779364.129275726,failed
82,copaiba,380517.3208139592,8779301.216201514,failed
83,copaiba,380513.2223602801,8779286.302437369,failed
84,copaiba,380727.9301257846,8779156.018086197,center
85,copaiba,380766.10600515566,8779153.499670766,failed
86,copaiba,380803.3133850789,8779180.287950462,center
374,copaiba,380606.24195119,8779424.119537422,center
375,copaiba,380585.8015511127,8779230.222635498,center
73,copaiba,380998.68546795397,8779211.30054045,failed
87,copaiba,380961.0809892275,8779201.823732143,failed
88,copaiba,380998.26207276597,8779484.6894989,failed
53,catahua,379495.55377114203,8780758.421553854,center
54,catahua,379276.5492940947,8780234.20417923,failed
55,catahua,379280.83674848086,8780265.411267092,failed
56,catahua,379435.9239161649,8780245.933365405,center
57,catahua,379457.14877095923,8780362.696916498,failed
58,catahua,379684.7652957222,8780448.193616066,failed
59,catahua,379628.42524421547,8780490.942687402,center
60,catahua,379589.54457092064,8780517.539401403,center
61,catahua,379547.7999600757,8780565.729471078,center
62,catahua,379504.13103770535,8780310.969850972,center
63,catahua,379335.541163109,8780214.09576035,failed
64,catahua,379290.21898921597,8780330.026986502,center
65,catahua,379250.1860154212,8780591.633022537,center
66,catahua,379333.2342047194,8780569.193870202,center
67,catahua,379520.35631687846,8780631.872184256,center
68,catahua,379532.9611445878,8780755.339671023,center
69,catahua,379523.0181387689,8780709.15912394,center
371,catahua,379651.28175227955,8780601.866215657,failed
372,catahua,379348.29171075503,8780240.633110741,center
373,catahua,379352.46709015174,8780233.456018884,failed
89,catahua,380897.8880463073,8781704.786913795,failed
90,catahua,381109.60253680195,8781700.155487325,failed
91,catahua,380849.59850929724,8781647.842556048,failed
92,catahua,380708.5701821745,8781793.7238737,center
93,catahua,380669.4562935315,8781792.466722572,failed
94,catahua,380665.9670760302,8781804.318452828,failed
95,catahua,380666.8033160013,8781614.002905859,center
96,catahua,380948.1990200771,8781588.721967388,failed
97,catahua,380631.9885715496,8781317.237641484,failed
98,catahua,380848.6566131992,8781279.078251528,failed
99,catahua,380914.9849273215,8781263.709601045,failed
100,catahua,381011.0884976533,8781248.358826743,center
101,catahua,381023.9763143152,8781214.287632221,failed
102,catahua,381095.4326824898,8781245.812070692,failed
103,catahua,381068.60993416945,8781418.407168515,failed
104,catahua,380838.8010001789,8781539.416520953,failed
105,catahua,380812.12116076035,8781543.464339115,failed
106,catahua,380767.42035816866,8781496.4738592,failed
107,catahua,380692.89811283094,8781356.541318035,center
108,catahua,380680.23052357987,8781396.34582622,failed
109,catahua,380681.20037440216,8781459.978728643,center
110,catahua,380592.79486598395,8781433.65977342,failed
111,catahua,381094.81102395384,8781515.579145407,center
112,catahua,380923.8727970855,8781401.390553232,center
113,catahua,380739.55521018564,8781810.407224922,failed
114,catahua,380897.1385631678,8781425.953251222,center
376,catahua,380617.9832329792,8781797.892901763,failed
996,shihuahuaco,581717.5503338759,9139392.272850038,failed
1025,shihuahuaco,581624.4835748594,9139405.418007577,failed
1026,shihuahuaco,581659.4831613965,9139327.826671584,failed
1027,shihuahuaco,581666.5815482393,9139143.027808955,failed
1057,shihuahuaco,581857.4422358999,9139525.431241792,failed
1069,shihuahuaco,581670.8573619958,9139350.16719078,failed
1070,shihuahuaco,581635.7319798872,9139224.69482674,center
1071,shihuahuaco,581639.7817076062,9139179.323757991,failed
1134,shihuahuaco,581587.8429066234,9139550.995812105,failed
1179,shihuahuaco,581548.8299476762,9139187.064347304,center
975,guacamayo caspi,595317.1236962012,9145651.746460965,failed
1092,catuaba,594820.8278961482,9145540.533400897,failed
1093,catuaba,594775.9475397227,9145487.664386434,failed
1094,catuaba,594762.1540999849,9145826.394722637,failed
1122,guacamayo caspi,595415.956773693,9145759.931417732,failed
1123,guacamayo caspi,595365.704895054,9145766.991883136,failed
1004,catahua,582486.1548113689,9140085.697818395,failed
1009,estoraque,582156.718674174,9140493.849928755,center
1050,estoraque,582453.9330131806,9140394.226779133,center
966,catahua,591394.4891663004,9146151.406910585,center
990,catahua,591357.4795465878,9146213.295330364,failed
1098,catahua,591324.010349649,9146141.613673525,failed
1101,catahua,591350.3249764565,9145972.89979623,center
1102,catahua,591358.6249289645,9146136.406221205,center
1103,catahua,591373.4891591705,9146152.385708908,center
1104,catahua,591377.2468729268,9146192.256434152,failed
1105,catahua,591335.6935220682,9146268.498852927,center
1106,catahua,591361.1450406464,9146295.000038493,center
1107,catahua,591395.0650890545,9146308.81624079,center
1112,shihuahuaco,591728.1509613696,9145815.50312634,failed
1113,catahua,591728.9442131394,9146013.751038993,failed
1145,catahua,591534.1509187922,9145986.40966912,failed
1146,catahua,591560.9757557125,9146240.503231272,center
986,ana caspi,591555.815465873,9144614.987753836,failed
987,ana caspi,591561.3391003977,9144724.914552344,failed
988,ana caspi,591497.2206230611,9144604.097817589,failed
1109,azãºcar huayo,591776.8697915209,9144847.871788403,failed
1143,ana caspi,591578.6205718846,9144549.468477119,failed
1176,ana caspi,591487.1457181188,9144449.664164346,failed
1177,ana caspi,591710.7284759182,9144505.232965346,failed
982,lupuna,582005.0233556762,9141522.300358443,failed
983,lupuna,582001.2866537459,9141126.539302256,failed
1005,lupuna,582490.703156193,9141519.424934952,failed
1008,lupuna,582272.287285944,9141414.476447318,failed
984,lupuna,582002.5658144613,9140837.47600494,failed
1006,lupuna,582453.3145980482,9140925.511649031,failed
1010,lupuna,582077.1610147923,9140722.478282478,failed
1053,lupuna,582346.8759754867,9140733.20752,failed
1137,lupuna,581908.23930845,9140889.068517324,failed
955,shihuahuaco,591498.1418861926,9145736.420200186,failed
1032,shihuahuaco,591463.2795108903,9145488.166510783,failed
1097,shihuahuaco,591265.1475875253,9145388.5151506,failed
1100,shihuahuaco,591371.81626354,9145336.948287664,failed
1111,shihuahuaco,591748.74378534,9145438.852858623,failed
1115,shihuahuaco,591802.3276903104,9145604.925577143,failed
1178,shihuahuaco,591837.6677477408,9145714.77416702,failed
954,copaiba,594091.4325872209,9145574.08367483,center
1059,copaiba,594215.0013507389,9145771.681696111,failed
1076,copaiba,594338.2900856078,9145416.333975587,center
1091,copaiba,593953.1573524004,9145451.09253701,failed
1116,copaiba,593805.1354546909,9145795.093300268,failed
1118,copaiba,593851.9784291359,9145504.09534583,center
1119,copaiba,593842.050000926,9145621.528061952,center
1120,copaiba,594151.6256965947,9145377.053269207,center
1121,copaiba,594145.8362186602,9145648.280518329,center
1148,copaiba,594247.376938621,9145819.182542501,center
1149,copaiba,594225.8542246891,9145850.71624813,failed
1151,copaiba,594305.4428496073,9145775.052820709,failed
1155,copaiba,594092.9964014813,9145627.889294723,center
985,copaiba,581979.8956616312,9139652.79887173,failed
1003,guacamayo caspi,582192.2969504003,9139812.005731003,failed
1132,guacamayo caspi,581729.072690588,9140025.761389254,center
1139,guacamayo caspi,582178.8320325685,9139859.980335323,failed
953,cedro,592565.2307524167,9144859.678422714,failed
956,azãºcar huayo,592146.1534040129,9144877.170149663,failed
957,azãºcar huayo,592201.5360316883,9144955.200970486,failed
958,azãºcar huayo,592216.1208372473,9144876.652803706,failed
960,cedro,592497.7347915601,9144733.042234084,center
961,cedro,592457.664450789,9144674.499040803,center
1081,azãºcar huayo,592163.1782721005,9144811.66036194,failed
1082,azãºcar huayo,592193.3359206397,9145051.351184726,failed
1083,cedro,592458.107333488,9144694.532617567,center
1084,cedro,592481.4994241135,9144700.112637216,failed
978,ana caspi,581907.1942169552,9142256.196387224,failed
981,ana caspi,581659.4178982993,9142371.277092395,failed
1037,ana caspi,581537.8916014311,9142382.049455568,failed
1067,ana caspi,581803.0652998433,9142466.818498308,failed
1156,ana caspi,581531.9926813074,9142553.05411755,failed
1157,ana caspi,581864.0858628129,9142577.088750271,failed
1158,ana caspi,581947.2443341418,9142179.93441593,failed
1159,ana caspi,581813.6991380169,9142251.83068947,center
1160,ana caspi,581730.3191775414,9142344.378236368,failed
1161,ana caspi,581731.2894335919,9142493.911494857,failed
1162,ana caspi,581741.8505752478,9142463.568062404,failed
1163,ana caspi,581979.9893958307,9142094.47964684,failed
1164,ana caspi,581881.7954634362,9142311.832144363,failed
1165,ana caspi,581697.163836953,9142025.813181236,failed
1166,ana caspi,581752.7555155158,9142025.63670828,failed
1014,ishpingo,593021.2362366499,9144910.705646012,failed
1078,ishpingo,593088.0080795966,9145083.920930322,failed
1079,ishpingo,593071.3116196963,9145123.947707534,failed
1153,copaiba,593063.0211469185,9144870.913904348,center
1154,ishpingo,593097.4064515083,9144996.053412683,failed
1040,ana caspi,581681.5211627992,9141984.416419249,failed
1045,guacamayo caspi,582001.3673225485,9141863.902960472,center
1125,guacamayo caspi,581823.3774119344,9141857.101383872,center
1126,guacamayo caspi,581877.4026140342,9141910.487995837,center
1129,tahuari,581625.1493284679,9141542.068614328,failed
1130,guacamayo caspi,581548.7484434481,9141801.63485216,center
1136,guacamayo caspi,581645.6743261912,9141764.076856354,center
1138,guacamayo caspi,581945.058124435,9141850.7317657,center
976,catuaba,581462.2080479333,9140584.800587852,failed
1127,catuaba,581602.6739857907,9140442.38926829,failed
1128,catuaba,581587.547423877,9140479.91673538,failed
1133,catuaba,581740.7700162368,9140616.48905787,failed
977,shihuahuaco,583398.1246111934,9141228.162563518,failed
979,shihuahuaco,583593.2183743041,9140806.03499665,failed
994,shihuahuaco,583531.1413504657,9141331.355762593,failed
995,shihuahuaco,583617.0701745313,9141158.235142274,center
997,shihuahuaco,583781.8515117376,9140928.173478737,failed
1028,shihuahuaco,583798.9779980528,9140944.34888355,failed
1030,shihuahuaco,583841.1659711017,9140963.468578737,failed
1031,shihuahuaco,583676.4837169442,9141086.945770504,failed
1041,shihuahuaco,583316.2209307554,9141012.503664378,failed
1042,shihuahuaco,583632.6011554644,9140965.464885667,center
1044,shihuahuaco,583845.3741954174,9141064.447653495,center
1066,shihuahuaco,583611.7259166213,9141015.291422728,failed
1068,shihuahuaco,583674.5815005831,9141370.858166618,failed
1131,shihuahuaco,583548.9090885316,9140906.31982204,failed
1135,shihuahuaco,583861.2528651512,9140859.742923444,failed
1167,shihuahuaco,583409.8415217204,9141260.094857998,failed
1168,shihuahuaco,583355.5041280973,9141254.89387209,failed
1169,shihuahuaco,583755.9199240599,9141106.4664762,failed
1170,shihuahuaco,583845.2651137307,9140875.817597086,failed
969,azãºcar huayo,591721.3697824127,9145044.140346808,failed
970,azãºcar huayo,591818.0585181869,9144904.677173616,failed
971,azãºcar huayo,591886.5963534409,9145128.252287166,failed
1061,azãºcar huayo,591968.1713599941,9144979.32562116,failed
1110,azãºcar huayo,591776.2674226572,9144928.636420809,failed
1144,azãºcar huayo,591627.8963701811,9145127.529306076,failed
1147,azãºcar huayo,592060.8124014528,9144946.963856148,failed
972,catuaba,594648.9211090042,9145829.145182913,failed
989,catuaba,594545.5418352011,9145813.013902945,center
1033,catuaba,594748.0451411246,9145461.989609372,failed
1035,catuaba,594711.4264602398,9145485.545651792,center
1087,catuaba,594566.4857921884,9145817.949046228,center
1088,catuaba,594615.3329752994,9145870.452967241,failed
1117,catuaba,594636.3074426317,9145687.302567242,center
980,catahua,582691.7681891392,9139717.089812875,center
1000,catahua,582743.27474249,9140134.146499204,failed
1019,catahua,582934.6028279709,9139753.21810901,center
1020,catahua,582977.0189423935,9139805.101129929,center
1021,catahua,582934.4911489496,9139814.027492426,center
1022,catahua,582960.1739187469,9139806.896216186,center
1023,catahua,582873.6648266134,9140011.746090379,center
1024,catahua,582853.7937157649,9139816.423208753,center
1029,catahua,582758.3192842957,9140017.259263163,center
1043,catahua,582916.4849569874,9140109.253735017,center
1055,catahua,582773.692174802,9140087.912264885,failed
1072,copaiba,582123.9317443493,9139235.844147477,failed
991,quillobordon,583701.0641251202,9140332.083614508,center
992,quillobordon,583695.4595098357,9140121.243449247,center
993,quillobordon,583623.127734249,9140141.010931585,center
998,quillobordon,583814.13794533,9140262.7680757,center
999,quillobordon,583725.9173483513,9140322.125911973,center
1001,quillobordon,583836.462075627,9140460.323583862,center
1015,quillobordon,583563.6683746302,9140430.442646936,center
1016,quillobordon,583517.4417336578,9140412.56030708,center
1017,quillobordon,583554.2176763591,9140130.19250438,center
1018,quillobordon,583577.3542638053,9140367.248581473,center
1036,quillobordon,583390.3572003386,9140120.450476784,failed
1038,quillobordon,583576.8282510379,9140150.288800683,center
1039,quillobordon,583584.2507496679,9140164.08239613,center
1056,quillobordon,583644.4254473288,9140599.340772709,center
1065,quillobordon,583712.3674671418,9140599.911286626,center
1124,quillobordon,583358.4262081805,9140642.38521265,center
1171,quillobordon,583753.1892915843,9140154.706867833,center
1172,quillobordon,583500.917168189,9140228.14633273,center
962,lupuna,593506.7326590678,9145141.522065772,failed
973,lupuna,593851.0222975513,9144929.433954315,failed
974,lupuna,593845.6989219949,9145040.625091314,failed
1011,lupuna,593459.6078527562,9144854.663264336,failed
1012,lupuna,593460.8246998272,9144871.18738313,failed
1064,lupuna,593806.389402455,9144922.858918687,failed
1090,lupuna,593701.6307046283,9145043.097558789,failed
963,copaiba,592981.5258480252,9144417.673821678,center
965,copaiba,593008.180013068,9144749.594322631,center
967,copaiba,592870.750381405,9144593.08372589,failed
1013,copaiba,592980.9908902842,9144592.632602055,center
1077,copaiba,593035.9795760813,9144565.141791634,center
1080,copaiba,593133.148528413,9144462.837563755,failed
1152,copaiba,593082.847522916,9144648.404649029,failed
1180,copaiba,593112.986422393,9144605.492167225,center
959,pashaco,592484.7341121451,9145152.067309273,center
1108,pashaco,592296.0951546491,9145497.050476152,center
1150,pashaco,592598.0429921487,9145567.949855125,center
1002,ana caspi,583477.0411365086,9138944.933912525,failed
1007,ana caspi,583287.7237798148,9139061.473311305,failed
1046,ana caspi,583446.9609388385,9139126.683265831,failed
1047,ana caspi,583445.3522891772,9138932.969160492,failed
1048,ana caspi,583486.9247115069,9138957.117196811,failed
1049,ana caspi,583310.6503951449,9139352.05590764,failed
1051,ana caspi,583635.2182463723,9138884.051818933,failed
1052,ana caspi,583488.1350987756,9138888.41738553,failed
1054,ana caspi,583553.3595767948,9139259.800196258,failed
1173,ana caspi,583395.583558511,9139397.60419063,failed
1174,ana caspi,583186.4127774861,9139362.213747486,failed
968,estoraque,590860.6809483318,9144287.480498806,failed
1034,estoraque,590362.526551877,9144303.207144905,center
1058,estoraque,590591.5863598605,9143842.064296788,failed
1063,estoraque,590873.2535003107,9144180.904548926,failed
1075,estoraque,590589.1742428186,9144170.37991351,center
1095,estoraque,590335.2267381565,9144226.538541561,center
1096,estoraque,590358.0559203929,9144260.612379652,center
1140,estoraque,590547.0603339723,9143989.277920356,center
1141,estoraque,590587.0827953795,9144363.761969615,failed
1175,estoraque,590701.7857526132,9144201.666370174,failed
1099,estoraque,591285.9852389791,9144148.13979928,center
1142,estoraque,591077.2659727886,9144160.529473254,center
1073,catahua,582682.2537777289,9139066.084906118,failed
1074,catahua,582803.7606101612,9139216.277486952,failed
1060,guacamayo caspi,595581.412944675,9145593.727264047,failed
1062,guacamayo caspi,595847.5380701323,9145523.932943657,failed
1085,guacamayo caspi,595548.2016119909,9145865.784506515,center
1086,guacamayo caspi,595576.5845349812,9145856.982284224,center
1089,guacamayo caspi,595869.5449650745,9145524.807910077,failed
1114,guacamayo caspi,595630.1862021559,9145759.299627602,center
759,estoraque,448806.2376418044,9153459.406354053,failed
761,lupuna,449352.40407208796,9153598.661511293,failed
823,lupuna,449242.2530170263,9153614.025872977,failed
843,estoraque,449048.53768000717,9153354.316009238,failed
945,estoraque,449046.3797386528,9153661.781069454,failed
765,azãºcar huayo,449500.4733589913,9152445.029405424,failed
766,azãºcar huayo,449531.7590933075,9152393.922565956,failed
767,azãºcar huayo,449610.9549519799,9152507.371271832,failed
768,azãºcar huayo,449785.9330337002,9152464.552142248,failed
769,ana caspi,449919.360630777,9152498.106806895,failed
770,azãºcar huayo,449849.72716958396,9152776.283243608,failed
825,azãºcar huayo,449696.13905521657,9152490.6455871,failed
943,copaiba,450064.974115277,9152736.310189152,failed
944,azãºcar huayo,449859.1538314008,9152514.188242039,failed
795,ishpingo,453377.91156629444,9154019.201661147,failed
797,yacushapana,453845.4410316533,9153762.071138006,failed
860,ishpingo,453714.46051156364,9153832.981305348,failed
910,ishpingo,453874.37574304827,9154053.451152602,failed
911,yacushapana,453934.262649123,9153817.025222186,failed
912,yacushapana,453806.11599446746,9153941.403894488,failed
913,ishpingo,453680.36952305934,9153710.754829802,failed
783,copaiba,451538.8835371121,9153453.180483779,failed
829,copaiba,451411.6969089899,9153302.52530056,failed
880,copaiba,451353.39810955874,9153332.327303419,failed
933,ishpingo,451436.76981209265,9153473.627078915,failed
773,copaiba,450341.6614636778,9152742.86023,failed
774,copaiba,450107.18403353204,9153144.73182621,failed
826,copaiba,450286.64872605796,9152860.84776225,failed
827,copaiba,450351.4400215711,9152922.613177126,failed
856,caoba,450447.5208605185,9153164.20069571,failed
883,caoba,450481.1291305432,9152998.716534086,failed
838,ishpingo,450653.7436008209,9153405.46163776,failed
839,ishpingo,450720.15103034175,9153898.29727883,center
847,ishpingo,450718.7754751786,9153639.350107841,center
870,ishpingo,450854.50410787895,9153800.097693952,failed
942,ishpingo,450645.1260844862,9153528.138403209,center
762,shihuahuaco,448702.2789294625,9152547.354644587,failed
763,shihuahuaco,448779.4875827313,9152605.413238406,failed
764,shihuahuaco,449015.40803762106,9152803.840550506,failed
854,shihuahuaco,448978.3276022839,9152769.093569035,failed
813,ana caspi,455372.85422487935,9154384.150811452,failed
815,ana caspi,455312.39213857515,9154437.697080985,failed
832,ana caspi,455424.8919443502,9154449.441131823,failed
850,capirona,455781.47870592977,9154088.030439107,failed
874,ana caspi,455503.5303027959,9154078.406198742,failed
950,capirona,455717.5384720223,9154297.398237696,failed
951,ana caspi,455594.28193548974,9153987.430803224,failed
952,capirona,455702.2363082552,9153995.369879156,failed
796,shihuahuaco,453106.3307972494,9154182.597242417,failed
830,shihuahuaco,453100.97198615526,9154372.516882397,failed
873,ishpingo,453480.9026587192,9154197.482271004,failed
878,ishpingo,453465.956127661,9154346.405683516,failed
918,shihuahuaco,453092.9714167883,9154207.25471438,failed
920,shihuahuaco,452960.792447898,9154277.741296608,failed
805,ishpingo,454344.09625883197,9153995.501262257,failed
834,shihuahuaco,454283.66351647297,9154251.040199209,failed
852,shihuahuaco,454287.7040911119,9154498.86031379,failed
861,ishpingo,454074.87407534546,9154071.392499492,failed
881,shihuahuaco,454313.35146389314,9154373.973363372,failed
904,shihuahuaco,454356.936537458,9154494.638129529,failed
905,shihuahuaco,454297.1027390012,9154156.748625617,failed
906,shihuahuaco,454393.2859609201,9154299.23226048,failed
907,ishpingo,454016.97090577974,9154231.18495683,failed
908,ishpingo,453941.3800700334,9154395.325122401,failed
867,ishpingo,449351.4024918711,9152361.23020118,failed
820,azãºcar huayo,449809.35556297406,9152908.810889779,failed
824,azãºcar huayo,449504.79119354906,9152912.657707075,failed
778,copaiba,451186.9546608775,9152569.999058474,failed
779,copaiba,451421.3682189054,9152604.136105027,failed
781,copaiba,451210.2893303056,9152690.641714463,failed
782,copaiba,451376.2577085433,9152589.80045431,failed
841,copaiba,451234.29522176116,9152785.100218957,failed
842,copaiba,451277.9411502223,9152590.86159508,failed
859,copaiba,451631.7279242676,9152630.391570019,failed
876,copaiba,451272.43762121233,9152593.874464473,failed
877,copaiba,451298.3399513613,9152579.506294705,failed
882,copaiba,451560.79057696223,9152632.50229494,failed
930,copaiba,451405.68439335696,9152721.12093854,failed
931,copaiba,451435.2681667793,9152742.545113502,failed
934,copaiba,451472.16502865084,9152569.098035533,failed
935,copaiba,451415.06094157486,9152571.176990774,failed
936,copaiba,451355.71011225,9152613.203943845,failed
939,copaiba,451176.63637359405,9152617.717809731,failed
798,shihuahuaco,453508.4124715362,9152458.618531175,failed
799,shihuahuaco,453756.5354751518,9152472.190206178,failed
928,shihuahuaco,453811.1445763251,9152865.645362936,failed
929,shihuahuaco,453877.2524038855,9152569.38325472,failed
871,yacushapana,453962.55672672193,9153743.514862258,failed
909,yacushapana,454319.66078960465,9153952.272288563,failed
791,shihuahuaco,452970.12057678687,9153995.455150856,failed
792,shihuahuaco,453064.7131831447,9153940.726136174,failed
794,azãºcar huayo,452755.9922176895,9153978.985272143,failed
921,azãºcar huayo,452539.1488201402,9153977.508173615,failed
922,estoraque,452492.7850063441,9154105.218014084,failed
817,ana caspi,453367.02050944377,9154706.789265262,failed
818,ana caspi,453564.92803591996,9154666.388034577,failed
819,ana caspi,453614.6053832081,9154620.771832515,failed
821,ana caspi,453622.31421975786,9154914.101297332,failed
855,ana caspi,453612.2941618116,9154720.213347115,failed
862,ana caspi,453388.57275699876,9154930.856392417,failed
872,ana caspi,453473.9455042666,9154606.214349793,failed
879,ana caspi,453457.67348848487,9154788.705079947,failed
915,ana caspi,453448.1969886989,9154952.733800285,failed
916,ana caspi,453384.9691933254,9154854.227376303,failed
917,ana caspi,453327.6371738528,9154674.26816417,failed
919,shihuahuaco,452765.6858470905,9154465.60393621,failed
806,shihuahuaco,454655.10993085953,9154331.09041301,center
807,shihuahuaco,454654.1036731729,9154229.948481863,failed
816,shihuahuaco,454648.34115830145,9154264.154004216,failed
869,shihuahuaco,454725.6326836799,9154459.595214128,failed
890,ishpingo,454750.5904766015,9154083.402251514,failed
901,shihuahuaco,454576.7389991667,9154256.058211317,failed
902,shihuahuaco,454726.1135359623,9154361.542470464,center
903,shihuahuaco,454699.0899081576,9154399.611369804,failed
802,estoraque,455051.3193161183,9152860.72368941,failed
803,estoraque,454927.313565811,9152883.2570122,failed
804,estoraque,454678.03981756413,9153165.0169317,failed
835,estoraque,454907.03270809137,9153027.604717454,failed
863,estoraque,454921.2327274396,9152936.131078247,failed
891,estoraque,455113.0628471764,9152762.151702084,failed
892,estoraque,455082.8124836626,9152774.802510884,failed
893,estoraque,455128.30933197937,9152967.119329333,failed
894,estoraque,454873.20829445054,9152798.936153227,failed
895,estoraque,454920.4905533294,9152830.65998151,failed
896,estoraque,454802.29353435413,9153212.80451429,failed
784,ishpingo,451487.9415450433,9153917.828837924,failed
840,ishpingo,451198.73294682114,9153870.477669982,center
858,ishpingo,451281.0985876896,9153587.613047738,center
932,ishpingo,451319.48327377567,9153760.925955728,failed
775,caoba,450678.29819755844,9153119.865962848,failed
857,caoba,450641.21040840016,9153060.358775033,failed
808,ishpingo,456158.5127269323,9154264.313075043,failed
947,capirona,455988.52791879483,9154093.263141535,failed
948,ishpingo,456113.6167416349,9154382.409561612,failed
949,ishpingo,456096.6892389748,9154424.238500047,failed
756,estoraque,448403.2520658428,9153521.32579529,failed
757,estoraque,448386.369028492,9153553.659566239,failed
758,estoraque,448444.2983012133,9153278.09044217,failed
760,estoraque,448637.06101019855,9153268.686553767,failed
776,estoraque,448551.51328296034,9153660.80754744,failed
822,estoraque,448465.40994407097,9153663.304957427,failed
837,estoraque,448521.48789712845,9153209.832226489,center
865,estoraque,448433.05314227566,9153532.840017017,failed
866,estoraque,448576.38821117015,9153427.130725354,failed
868,estoraque,448571.170514004,9153542.4244774,failed
884,estoraque,448549.61404008826,9153254.97177256,failed
785,ishpingo,451606.61538794695,9153964.085704468,failed
786,ishpingo,451896.4485687833,9153916.249385599,failed
780,caoba,451240.36986989516,9152205.166195603,failed
937,caoba,451318.3400730765,9152547.17109007,center
938,caoba,451436.1415399781,9152547.417523053,center
940,caoba,451499.89304086904,9152252.636253212,failed
941,caoba,451635.16290516953,9152359.803334245,failed
771,ana caspi,450463.5524213416,9152404.724498164,failed
772,ana caspi,450415.61619043554,9152656.853046883,failed
777,ana caspi,450420.27041286865,9152424.156640606,failed
828,ana caspi,450310.2959853333,9152436.136030274,failed
844,ana caspi,450203.9604734924,9152422.3442689,failed
845,ana caspi,450331.0229624462,9152438.957082389,failed
846,ana caspi,450303.23320057435,9152516.609933896,failed
853,ana caspi,450111.2551860791,9152374.67832772,failed
787,capirona,452449.8313615448,9153235.565549362,failed
789,capirona,452761.0602084611,9153441.284036897,failed
923,capirona,452694.10389449046,9153454.52556247,failed
924,capirona,452696.9627687067,9153483.968075518,failed
925,capirona,452810.712755883,9153376.506606402,failed
926,capirona,452319.8623175168,9153358.725400368,failed
800,ana caspi,454751.0483984946,9152334.181592854,failed
801,ana caspi,454993.13333835575,9152608.747280957,failed
836,ana caspi,454686.9399249621,9152354.62004388,failed
848,ana caspi,455012.5118889122,9152540.83185606,failed
864,ana caspi,454740.66977226845,9152388.701089231,failed
897,ana caspi,455082.3146278424,9152250.859743433,failed
898,ana caspi,454992.006657935,9152346.63011481,failed
899,ana caspi,454993.4114879803,9152651.965632858,failed
900,ana caspi,454872.7982826488,9152599.185615137,failed
831,ishpingo,455190.5373462839,9153755.489556208,failed
885,ishpingo,455128.0420491257,9153916.002769755,failed
886,ishpingo,454909.7411923659,9153772.17611559,center
887,ishpingo,454977.8792583501,9153932.275511945,failed
888,ishpingo,454964.5069567231,9154102.812069857,failed
889,ishpingo,454838.8878876877,9154087.400275256,failed
790,shihuahuaco,453347.44605007773,9153695.883402124,failed
793,shihuahuaco,453188.79647733696,9153785.05552069,failed
875,ishpingo,453602.09303469077,9154351.079500271,failed
914,ishpingo,453598.963694701,9154165.268933503,center
788,estoraque,452736.03285348683,9152830.088212695,failed
927,estoraque,452903.8325293361,9152953.041905439,failed
809,ishpingo,456243.94956658967,9154335.152876608,failed
810,ishpingo,456423.1046514353,9154334.858953245,failed
811,ishpingo,456457.8027560377,9154507.836142471,failed
812,ishpingo,456244.031583393,9154441.6965053,failed
814,ishpingo,456339.43734675844,9154126.763316406,failed
833,ishpingo,456484.4720875971,9154182.054411648,failed
849,ishpingo,456578.86725812184,9154555.3008288,failed
851,ishpingo,456466.6949581291,9154532.254870323,failed
946,ishpingo,456619.0819268288,9154369.952784194,failed
403,shihuahuaco,656052.2090681405,8954430.40882661,center
404,shihuahuaco,654921.0818375505,8955826.94129087,failed
405,shihuahuaco,654982.3383211285,8955856.666292045,failed
406,shihuahuaco,655081.839073226,8955839.198585661,failed
407,shihuahuaco,654844.8806786799,8955888.523370702,failed
408,shihuahuaco,654848.7217559983,8955876.659233967,failed
409,shihuahuaco,654851.8364317723,8955955.555953227,failed
410,shihuahuaco,654897.190869658,8956010.232838992,failed
411,shihuahuaco,655066.8277916607,8955942.96068605,failed
412,shihuahuaco,655155.6776234434,8955997.513746897,failed
413,shihuahuaco,655185.3674897149,8955933.829231946,failed
414,shihuahuaco,655198.2017364216,8955943.24112785,failed
415,shihuahuaco,655206.8511781425,8955952.08567582,failed
416,mashonaste,654505.0632614284,8956102.11202189,center
417,mashonaste,654357.5894300805,8956172.036783934,center
418,mashonaste,654534.9217418199,8956152.31928098,center
419,mashonaste,654503.9977238658,8956157.931144472,center
420,mashonaste,654508.4622186327,8956216.04622185,center
421,mashonaste,654431.3054960421,8956246.973296912,failed
422,mashonaste,654434.9948389777,8956280.697521795,center
423,mashonaste,654483.4132074753,8956304.61950151,center
424,mashonaste,654479.6386132092,8956350.158896623,center
425,mashonaste,654482.5054462426,8956340.209220488,center
426,mashonaste,654288.511754971,8956366.027705539,center
120,cumala,693017.8068234968,8837276.31877379,failed
121,cumala,693278.2573353135,8836949.78335222,failed
115,cumala,693342.1242866168,8836427.591994263,failed
116,cumala,693395.3118103776,8836395.1297996,failed
117,cumala,693321.4164636928,8836396.659250267,failed
118,cumala,693269.7425378768,8836320.332553446,failed
119,cumala,693348.0080572828,8836130.422954446,failed
591,shihuahuaco,575984.7540595091,8694577.153654598,failed
592,shihuahuaco,576031.3080849141,8694580.546222094,failed
439,yacushapana,633823.0717785202,8860081.535547499,failed
440,yacushapana,634092.1808220851,8860052.068041295,failed
447,yacushapana,634164.9193101719,8860160.822187142,failed
448,yacushapana,633690.4268920525,8860194.600279188,failed
428,shihuahuaco,647068.6217949638,8876513.046682063,failed
430,shihuahuaco,646341.3840464525,8876668.93296099,failed
432,shihuahuaco,646437.8118794521,8876706.791519351,failed
436,shihuahuaco,646856.7435299126,8876589.544333328,center
437,shihuahuaco,646291.8780670282,8876714.07661774,center
438,shihuahuaco,646295.5409117793,8876704.746685961,center
449,shihuahuaco,646513.4369353465,8876761.190861367,failed
450,shihuahuaco,647092.7329804315,8876587.313272595,failed
451,shihuahuaco,647096.0465794782,8876576.971169034,failed
452,shihuahuaco,646438.3431683299,8876740.299324684,failed
453,shihuahuaco,646644.7724860406,8876681.812430356,center
454,shihuahuaco,646288.4373200028,8876601.804257313,center
431,tahuari,646306.8026229608,8876879.014081402,failed
441,shihuahuaco,643364.6684990028,8876805.440174047,failed
442,shihuahuaco,643623.9288218179,8877001.655086685,failed
427,shihuahuaco,646634.8373067009,8876394.65585357,failed
429,shihuahuaco,646872.2880760399,8876405.562329108,failed
433,shihuahuaco,646874.3264075269,8876298.223176157,failed
434,shihuahuaco,646495.1252562979,8876374.80109151,center
435,shihuahuaco,646549.3984803718,8876294.81667975,failed
443,shihuahuaco,643876.7782611317,8877116.503216175,failed
444,shihuahuaco,643891.4534017693,8877121.690061161,failed
445,shihuahuaco,643873.292382411,8877207.07843775,failed
446,shihuahuaco,643891.2737962819,8877235.409898838,failed
493,huimba,491226.4971761779,9118908.111325739,failed
494,huimba,490815.01205375977,9119043.228339225,center
495,huimba,490590.27707018756,9119022.296559146,center
496,huimba,490653.7646992755,9118879.094353959,center
503,huimba,490498.7686423964,9119328.456390971,failed
512,huimba,490546.33014937467,9118879.241030866,center
513,huimba,491135.52783906687,9118918.260400116,center
491,lupuna,490888.43131441204,9119918.178649763,center
502,lupuna,490898.3913766786,9120302.82973443,center
497,shihuahuaco,487365.16813264,9121081.535067145,center
504,shihuahuaco,487518.6120854459,9120803.059180517,center
505,shihuahuaco,487505.8861082691,9120951.43587543,center
506,shihuahuaco,487617.51552435127,9120790.126880735,failed
507,shihuahuaco,487632.03865121864,9120809.619757917,center
508,copaiba,487487.80807240785,9121212.521157244,failed
510,shihuahuaco,487815.5445228738,9121042.843401967,failed
511,shihuahuaco,487637.3980448374,9121097.117249876,center
526,shihuahuaco,487387.7880745081,9121032.691692276,center
534,shihuahuaco,487351.93913402926,9121053.464258766,center
535,shihuahuaco,487783.2424482752,9121111.476143071,center
499,capirona,487027.6438607478,9120463.408336587,failed
500,capirona,487087.17335687665,9120376.455138711,failed
501,capirona,487372.809815612,9120467.659663273,center
518,capirona,487422.4581811337,9120327.1757925,failed
530,capirona,487328.73441261554,9120309.631162716,failed
531,capirona,487291.1861180897,9120440.655020816,center
532,capirona,487053.43270205794,9120488.937461164,center
533,capirona,487045.1054734213,9120470.844709536,failed
488,copaiba,486995.65334292717,9121378.126727376,failed
489,copaiba,487091.48560766195,9121312.48978545,center
492,copaiba,487440.330732881,9121325.234858606,failed
509,copaiba,487494.4906124487,9121291.117523126,center
514,copaiba,486840.0164860399,9121503.28084595,failed
515,copaiba,486954.7766426648,9121515.866687123,failed
516,copaiba,487358.12226973876,9121376.457620526,failed
517,copaiba,487053.903564409,9121553.237501007,failed
519,copaiba,487185.4624482414,9121411.241865614,failed
520,copaiba,487049.60054282803,9121258.958004529,failed
527,copaiba,487509.15130927507,9121406.804994645,failed
528,copaiba,487236.9820716611,9121421.920973651,failed
529,copaiba,487386.6245748987,9121550.645184424,failed
490,caoba,489575.88936953037,9119933.195678256,failed
498,caoba,489657.0078404075,9119647.611182114,failed
521,caoba,489812.0929567749,9119916.170029111,failed
522,caoba,489737.19905289565,9119817.459999084,failed
523,caoba,489729.9094408314,9119574.371340517,failed
524,caoba,489695.06064368587,9119599.790372884,failed
525,caoba,489427.9701814159,9119843.639838723,failed
699,ana caspi,608037.8302256071,8782897.454653986,failed
700,ana caspi,608158.4337726694,8782936.598480226,failed
701,copaiba,607692.9988165443,8782952.27249029,failed
702,ana caspi,608122.2849968397,8782756.946638279,failed
703,ana caspi,608125.1418983316,8782752.670486521,failed
704,copaiba,607684.05158348,8782858.684366094,failed
705,copaiba,607681.8859177037,8782950.206172468,failed
706,ana caspi,608152.02622684,8783029.878474064,failed
707,ana caspi,608170.5284892934,8783015.04319312,failed
708,ana caspi,608036.1918780936,8783074.4054072,center
709,ana caspi,608095.5201436817,8783057.45441974,failed
710,ana caspi,608120.7961475019,8783064.966965633,failed
711,ana caspi,608093.8242743996,8783121.948101727,failed
712,ana caspi,608091.3500074942,8783185.30212438,failed
713,copaiba,607662.8347404453,8782771.240240829,failed
714,copaiba,607671.9125669157,8782771.190135794,failed
731,copaiba,607782.6450433923,8782803.193401385,failed
732,ana caspi,607792.7288575443,8782842.35429106,failed
733,ana caspi,607789.2295527905,8782826.665483521,center
734,copaiba,607742.5314077608,8783069.729008695,failed
735,ana caspi,607871.3934866096,8782858.460336616,failed
736,copaiba,607749.8393899266,8782828.686300062,failed
737,copaiba,607754.2636766777,8782813.55176865,failed
738,copaiba,607753.5722048781,8782850.751216479,failed
739,ana caspi,607907.6265874945,8782913.231585436,failed
740,ana caspi,607906.0227709141,8782891.333204009,failed
741,ana caspi,607853.5680550132,8782746.3979967,failed
742,ana caspi,607875.9054577965,8782727.98808011,failed
743,ana caspi,607846.0161081305,8782747.972134275,failed
744,ana caspi,607893.1436552615,8782977.894415427,failed
745,ana caspi,607857.0574054085,8783165.391361741,center
746,copaiba,607670.3823836731,8782686.678821402,failed
748,ana caspi,608119.8187843071,8783262.629557198,failed
751,ana caspi,608153.3315155668,8783073.935545994,failed
753,ana caspi,608144.6763249302,8783129.188151948,failed
719,palo baston,608734.4919667218,8773262.683496987,center
720,palo baston,608732.2750395184,8773333.66029709,center
721,palo baston,608812.1611553963,8773450.512434656,center
722,palo baston,608793.5527316784,8773586.60149249,center
723,palo baston,608792.0975134899,8773523.614546562,center
724,palo baston,608849.390644082,8773512.869925776,center
725,ishpingo,608912.0893733477,8773549.435229437,failed
726,palo baston,608567.3227412925,8773297.164354317,failed
728,palo baston,608805.9692533044,8773139.970593018,failed
729,palo baston,608753.7503214742,8773447.73186407,center
754,ishpingo,609070.4233360706,8773401.303587353,failed
727,shihuahuaco,609178.0546279118,8773632.874259317,failed
755,shihuahuaco,609103.0671263497,8773463.826064238,failed
697,ana caspi,608070.4728972699,8783298.690546323,center
698,ana caspi,608126.0008810707,8783321.453802887,center
715,ana caspi,608227.1627016533,8782798.850379067,center
716,ana caspi,608211.3974328702,8782884.644936834,center
717,ana caspi,608240.6229906214,8782878.398275707,center
718,ana caspi,608219.9652637842,8782862.795670142,failed
730,ana caspi,608039.8975956361,8783274.168691283,center
747,ana caspi,608076.2658005273,8783280.394108463,center
749,ana caspi,608054.3469186948,8783334.492952142,center
750,ana caspi,608095.6958260327,8783335.049265206,center
752,ana caspi,608193.8525188724,8783054.674330566,center
457,yacushapana,590874.6403588552,8771012.471582476,center
460,yacushapana,590788.4858225735,8771213.096296191,center
461,yacushapana,590953.2479082366,8771115.824093664,center
462,yacushapana,590877.9375576162,8771100.024352714,center
463,yacushapana,590841.6900902146,8770909.231254792,center
464,yacushapana,591043.0267371509,8770832.956110844,center
465,yacushapana,590765.0751897721,8771123.813266201,center
466,yacushapana,590783.977759798,8771033.354785448,center
467,yacushapana,590743.5977192755,8771004.191823412,center
468,yacushapana,590722.8805347607,8771031.773000801,center
469,yacushapana,590797.2897966766,8771125.290948963,center
474,yacushapana,590848.3503322956,8770976.192746606,center
475,yacushapana,590859.9389266588,8770942.220584517,center
476,yacushapana,590839.225902692,8770963.347975085,center
477,yacushapana,590837.840348593,8770956.278479416,center
478,yacushapana,590817.4251090582,8770929.453180796,center
479,yacushapana,590821.3292671624,8770918.315767495,center
480,yacushapana,590833.617519326,8770924.72721434,center
482,yacushapana,590826.0284851185,8771207.056453574,center
487,yacushapana,591018.2102031008,8770775.498702794,center
481,yacushapana,588345.6076341678,8773105.90111797,failed
486,ana caspi,589968.6517831708,8772012.299474325,failed
456,almendro,588046.8235242113,8773372.742701001,failed
458,almendro,588042.7089965352,8773418.719468154,failed
459,almendro,588016.961588619,8773317.70051707,failed
470,almendro,587997.4790377136,8773396.68233334,failed
473,almendro,588019.3613900554,8773406.083440563,failed
483,almendro,588145.3022032357,8773382.008631863,failed
484,almendro,588107.6957597208,8773218.26053316,failed
485,almendro,588439.8687865777,8773411.414625898,failed
455,ana caspi,587983.7519645394,8773486.481606841,failed
471,ana caspi,588053.9924782837,8773453.727950368,failed
472,ana caspi,588070.6481860841,8773477.5695574,failed
595,shihuahuaco,488910.7459347891,9121886.312996272,failed
597,shihuahuaco,489515.6330079359,9121834.8311881,center
598,shihuahuaco,489534.08655983437,9121833.012893517,center
599,shihuahuaco,489664.18691851245,9121872.233031208,failed
600,shihuahuaco,489430.71538945823,9122035.025593728,center
601,shihuahuaco,489552.5231969847,9122112.285472503,center
602,palo baston,489710.0765439654,9122048.770490354,failed
603,shihuahuaco,489594.3409675456,9122244.668946961,center
604,shihuahuaco,489575.7612348399,9122194.143847557,center
605,shihuahuaco,489539.7596013227,9122263.525932191,center
606,shihuahuaco,489273.0634290309,9122347.08262905,center
607,shihuahuaco,489364.79144211806,9122448.223340746,failed
608,shihuahuaco,489318.88103625795,9122439.60586314,failed
609,shihuahuaco,489162.96469506423,9122313.95123419,center
610,shihuahuaco,488981.5882041504,9122217.782707019,failed
611,shihuahuaco,488944.9723162939,9122438.94489804,failed
625,shihuahuaco,489299.07459782006,9122422.407133851,failed
626,shihuahuaco,489275.300925676,9122378.616311789,center
624,ishpingo,490583.16766337655,9122384.856172435,failed
612,copaiba,489851.8353433923,9121863.69448924,failed
613,copaiba,489862.1630737656,9121925.86027549,failed
614,copaiba,489958.07017849723,9121981.122945594,failed
615,copaiba,490292.81029268674,9121993.595985733,failed
616,copaiba,490287.8969589305,9122019.59533397,failed
617,copaiba,490297.46977239585,9121922.042489287,failed
618,copaiba,490226.41307812574,9121650.16936022,failed
619,copaiba,490348.7358627816,9121628.631174726,failed
620,copaiba,490069.77536146756,9121566.788497347,failed
621,copaiba,490085.2933581248,9121596.498876695,failed
622,copaiba,490310.2958339411,9121508.916549966,failed
623,copaiba,490327.08520101523,9121495.003889315,failed
593,shihuahuaco,489099.2557540491,9121768.792148741,failed
594,shihuahuaco,489103.6672205764,9121771.843725694,failed
596,shihuahuaco,489443.67427683016,9121746.863370048,failed
196,huayruro,376147.4771043677,8742292.280733902,failed
197,huayruro,376128.24926051835,8742238.965788094,failed
198,huayruro,376219.46937697835,8742330.02234446,failed
199,huayruro,376287.0495357017,8742374.35770764,failed
200,huayruro,376255.26211168984,8742362.152613226,failed
201,huayruro,376181.05970319797,8742414.87265545,failed
202,huayruro,376097.0411165697,8742403.244165445,failed
203,huayruro,376044.3611544008,8742394.093849897,failed
204,huayruro,375983.2792465156,8742408.975820372,failed
205,huayruro,376023.5770756783,8742428.54991985,failed
206,huayruro,376074.1045775046,8742460.29228253,center
207,huayruro,376136.6721741432,8742445.596288398,failed
208,huayruro,376249.71324685664,8742419.219287775,center
209,huayruro,376348.81120612274,8742455.673524098,failed
210,huayruro,376354.04047922464,8742438.55336078,failed
211,huayruro,376379.5704601353,8742420.650665049,failed
212,huayruro,376258.60170695104,8742182.220097043,failed
213,huayruro,376266.9358004167,8742161.461507974,failed
214,huayruro,376170.8255170323,8742028.848151011,failed
215,huayruro,376107.3793952083,8742040.954168605,center
216,huayruro,376090.18963499943,8742030.12802531,failed
217,huayruro,376052.98247285176,8741964.493778104,failed
218,huayruro,376083.4294203047,8741984.175606165,failed
219,huayruro,375928.5140054454,8741983.66395442,failed
220,huayruro,375968.821287469,8742055.608259182,center
221,huayruro,375992.0377735214,8742108.941342836,center
222,huayruro,375928.2539088636,8742106.223190252,center
223,huayruro,376102.87386865995,8742195.226397894,failed
224,huayruro,375771.31324447267,8742042.587387593,center
225,huayruro,375737.06789162575,8742068.897540353,center
226,huayruro,375691.0122957574,8742061.862434108,center
227,huayruro,375690.1484625568,8742087.770768061,center
228,huayruro,375749.5214583331,8742120.592491712,center
229,huayruro,375815.53948019963,8742123.388181932,failed
230,huayruro,375611.72205215856,8742014.904088635,center
231,huayruro,375573.337392271,8742034.57608343,center
232,huayruro,375723.4109838831,8742350.713394368,center
233,huayruro,375849.18185783934,8742436.041655544,center
234,huayruro,375835.9969729458,8742409.313272467,center
235,huayruro,375904.0875424948,8742344.151324162,center
236,huayruro,375970.0437672923,8742410.85140862,failed
237,huayruro,375683.67884688696,8742467.003816014,failed
238,huayruro,376210.4332195706,8742120.6619135,failed
239,huayruro,375672.57589670515,8742424.29854809,center
240,huayruro,375698.5562863571,8742392.441312421,center
241,huayruro,375686.6963009217,8742384.416518457,center
242,huayruro,375637.66263971507,8742365.354638577,center
243,huayruro,375644.74735834374,8742324.619906738,center
244,huayruro,375705.3432610849,8742267.773899222,center
245,huayruro,375591.76531269733,8742187.255518293,center
246,huayruro,375747.0346159768,8742238.622193394,center
247,huayruro,375826.48959121323,8742199.985302234,failed
248,huayruro,375896.34882410895,8742232.164753955,failed
249,huayruro,375920.3533618043,8742250.246925687,failed
250,huayruro,375960.61464803835,8742226.55189073,center
251,huayruro,376067.9447900516,8742273.065014139,center
252,huayruro,376094.64746371936,8742295.612489259,center
253,huayruro,376132.08295148343,8742330.841007596,failed
254,huayruro,376122.1030948919,8742361.446281679,failed
255,huayruro,376098.63120293134,8742365.258708086,failed
122,lupuna,375245.7348960412,8750297.956744501,failed
123,lupuna,375250.3301127786,8750268.22735851,failed
124,lupuna,375329.9149474,8750258.08237239,failed
125,lupuna,375261.1322847998,8750098.7505643,failed
126,lupuna,375307.7191408805,8750059.0424024,failed
127,lupuna,375258.55206956255,8749957.029696325,failed
128,lupuna,375232.6597031764,8749953.467915347,failed
129,lupuna,375165.1463237457,8749887.25950051,failed
130,lupuna,374806.162101256,8749474.724043483,failed
131,lupuna,374823.3969080064,8749573.879730584,failed
132,lupuna,374866.60441142996,8749617.036108214,failed
133,lupuna,375133.6224439257,8749473.69340323,failed
171,lupuna,375109.06798258197,8750057.837892983,failed
377,lupuna,375049.65649401676,8749548.252895752,failed
378,lupuna,374904.3664593911,8749600.90356191,failed
134,lupuna,374107.0935435879,8740411.061338713,center
135,lupuna,374310.0749130907,8740435.95745823,failed
136,lupuna,374222.92779197695,8740053.396702418,center
137,lupuna,374309.9874540181,8739995.662925804,failed
138,lupuna,374343.41015051043,8739966.070045143,center
139,lupuna,374347.5633298958,8739908.97113857,center
140,lupuna,374336.14494513365,8739845.19199546,center
141,lupuna,374328.5725661824,8739874.596751153,center
142,lupuna,374350.379042486,8739784.437912682,center
143,lupuna,374210.4526719536,8739681.095001252,failed
144,lupuna,374379.90347371565,8739749.419696659,failed
145,lupuna,374338.190863511,8739777.461861953,center
146,lupuna,374159.43252953584,8739775.191344531,failed
147,lupuna,374151.2529355992,8739925.717054415,center
148,lupuna,374132.1516386357,8739912.036266502,center
149,lupuna,374019.4910366072,8739782.093430836,center
150,lupuna,373772.6902947404,8739780.67058637,center
151,lupuna,373856.7902817067,8739734.48039145,center
152,lupuna,373794.524465333,8739857.954948422,center
153,lupuna,373764.6511948623,8739858.940783588,center
154,lupuna,373669.43452445394,8739820.516354728,center
155,lupuna,373656.7980411314,8739870.975078095,center
156,lupuna,373645.7071784951,8739882.335184332,failed
157,lupuna,373664.84107672476,8740063.683152912,center
158,lupuna,373656.58887186286,8740046.415650813,center
159,lupuna,373748.8230697619,8740055.577670941,center
160,lupuna,373728.68010291626,8740095.998446543,center
161,lupuna,373667.7529623458,8740115.557771377,center
162,lupuna,373836.7725917695,8739980.609604772,center
163,lupuna,373863.54107031436,8739988.881116487,center
164,lupuna,373804.91295588267,8739970.9920914,center
165,lupuna,373949.90699468384,8739964.184687542,failed
166,lupuna,373875.02247632033,8740040.596941326,center
167,lupuna,373945.20766288025,8740080.689820696,center
168,lupuna,373894.9347744439,8740203.886851195,center
169,lupuna,373816.34131264605,8740218.676367693,center
170,lupuna,374232.7691308819,8740133.091544364,center
172,lupuna,374134.85093998886,8740018.334492663,center
173,lupuna,373896.24063070497,8740140.523689069,center
174,lupuna,373840.2351492165,8740120.406080542,center
175,lupuna,373779.6684877851,8740178.060718298,center
176,lupuna,373758.4799326118,8740145.388198022,center
177,lupuna,373650.5129361828,8740261.198934507,failed
178,lupuna,373668.302578569,8740357.159132812,center
179,lupuna,373851.0091203378,8740395.886126516,center
180,lupuna,373846.6928427667,8740412.761658365,center
181,lupuna,373877.21050269343,8740445.213168232,failed
182,lupuna,373943.31731667375,8740350.738033757,center
183,lupuna,373920.97724682477,8740283.672176829,center
184,lupuna,374199.7187662079,8740332.829265196,center
185,lupuna,374148.0869559683,8740019.08755762,center
186,lupuna,374176.00979597657,8740012.91649925,center
187,lupuna,374068.6247433517,8739922.04843117,failed
188,lupuna,374038.3386557855,8739914.758031284,failed
189,lupuna,374191.73812015087,8739968.32755088,center
190,lupuna,374145.66439840477,8739837.033566637,failed
191,lupuna,374013.4299373032,8739731.384290347,failed
192,lupuna,374240.4084059331,8739814.58105399,center
193,lupuna,374153.5293557825,8740122.708876625,center
194,lupuna,374109.20769831305,8740181.041237455,failed
195,lupuna,374134.726592446,8740234.955583986,center
330,cumala,369201.44212430407,8741566.669033596,center
331,cumala,368739.654179684,8741571.184076278,center
332,cumala,368798.3698467745,8741586.558390547,center
333,cumala,368810.84579975886,8741551.591274386,center
334,cumala,368849.9491632687,8741564.08568009,center
335,cumala,368888.218582884,8741586.25419822,center
336,cumala,368959.8436130999,8741579.02744125,failed
337,cumala,369000.508746098,8741581.596143719,center
338,cumala,368947.01366881054,8741560.408006484,center
339,cumala,369072.6187487591,8741549.671695054,center
340,cumala,368955.37249488453,8741543.205923581,center
341,cumala,368974.379641669,8741557.428882573,center
342,cumala,368865.42488526343,8741466.44475751,center
343,cumala,368801.8414969451,8741435.558275064,center
344,cumala,368819.76508745574,8741433.675219316,center
345,cumala,368832.7857142825,8741378.54341752,center
346,cumala,369054.33119470463,8741383.981062347,center
347,cumala,369192.63147544826,8741440.996922597,center
348,cumala,369098.28598084324,8741387.044897635,center
349,cumala,369296.4439407576,8741173.93321586,center
350,cumala,369104.032507604,8741121.689704705,failed
351,cumala,369002.2319191573,8741189.748060856,failed
352,cumala,368804.5259590067,8741267.992619941,center
353,cumala,368644.93928085093,8741178.670985024,center
354,cumala,368664.3773985506,8741179.856756935,failed
355,cumala,368628.7730141716,8741383.623172749,center
356,cumala,368748.0243249475,8741463.79747279,failed
357,cumala,368892.96910831344,8741099.890286861,failed
358,cumala,368934.55882109574,8741224.52881361,center
359,cumala,368959.78184287087,8741179.738517432,center
360,cumala,368944.2586856883,8741297.293924106,center
361,cumala,368715.6888723735,8741409.501148088,center
362,cumala,368779.7108831719,8741647.994247237,center
363,cumala,369031.73691225064,8741599.513741639,center
364,cumala,368822.7006476962,8741236.377218073,center
365,cumala,368921.7318577935,8741275.103421984,center
366,cumala,368881.68255669624,8741265.593055764,center
367,cumala,368990.426757934,8741459.424042309,center
368,cumala,369172.2790880448,8741282.139800314,center
369,cumala,369365.80366278626,8741314.310552986,failed
370,cumala,369268.9595165921,8741445.59279185,failed
256,huayruro,370124.5778978316,8740205.866595315,failed
257,huayruro,370130.0374530009,8740185.878910244,failed
258,huayruro,370136.49271305016,8740176.540684786,center
259,huayruro,370091.5933195524,8740145.798699772,failed
260,huayruro,370114.1016217401,8740114.332304083,center
261,huayruro,370174.4002774568,8740095.30312909,center
262,huayruro,370123.2325578958,8740059.902281357,center
263,huayruro,370255.0488908581,8740133.923796598,center
264,huayruro,370358.27728956996,8740178.053105405,failed
265,huayruro,370333.9714349136,8740085.789743513,center
266,huayruro,370352.6444511135,8740075.55046117,center
267,huayruro,370362.12294424255,8740111.998914817,center
268,huayruro,370377.99927250034,8740087.273163695,center
269,huayruro,370428.24866206635,8740082.197199173,failed
270,huayruro,370424.1109192961,8740091.59798708,center
271,huayruro,370448.87116963,8740098.925396878,failed
272,huayruro,370481.3803078921,8740148.4712416,center
273,huayruro,370513.58699007734,8740150.029814787,center
274,huayruro,370494.945666492,8740016.61787588,center
275,huayruro,370484.9370250128,8740037.051146166,center
276,huayruro,370502.14914283913,8739936.498557149,failed
277,huayruro,370507.43042892683,8739963.896954581,center
278,huayruro,370372.7086940278,8739937.870616425,center
279,huayruro,370316.03643143346,8739938.187972834,center
280,huayruro,370269.4479890443,8740057.62495522,center
281,huayruro,370237.7423192692,8740093.843826214,center
282,huayruro,370195.44313874823,8739996.26688298,center
283,huayruro,370301.61158821656,8739890.232180426,center
284,huayruro,370280.76783684944,8739818.11158667,center
285,huayruro,370365.60108010634,8739877.818028053,center
286,huayruro,370455.37086893426,8739802.859306863,failed
287,huayruro,370452.76017693634,8739820.102696728,failed
288,huayruro,370421.2475390264,8739801.586033171,center
289,huayruro,370375.04033294955,8739762.286253259,center
290,huayruro,370345.01300815656,8739815.075136622,center
291,huayruro,370334.32785205945,8739822.014330175,center
292,huayruro,370503.71093265223,8739831.38710922,failed
293,huayruro,370547.48702553037,8739821.142324714,failed
294,huayruro,370577.9032627812,8739830.472316021,failed
295,huayruro,370682.1575179852,8739958.977930075,center
296,huayruro,370656.5163744407,8740166.252152415,failed
297,huayruro,370616.4385023546,8739967.095133388,center
298,huayruro,370619.72372982244,8740077.925507084,center
299,huayruro,370752.2343347138,8740158.525711946,center
300,huayruro,370765.27238716796,8740160.397995915,center
301,huayruro,370873.8691640326,8739921.663594726,center
302,huayruro,370897.65012310614,8739705.713283166,failed
303,huayruro,370855.22691277345,8739652.946385354,center
304,huayruro,370753.7142071626,8739569.71488744,failed
305,huayruro,370682.1704721719,8739704.038637662,center
306,huayruro,370704.6424559602,8739707.778686196,center
307,huayruro,370553.6878757859,8739654.243339129,center
308,huayruro,370558.0453421367,8739722.747597363,center
309,huayruro,370604.9695027828,8739792.432393275,failed
310,huayruro,370423.69502186537,8739689.949588869,center
311,huayruro,370320.0185127298,8739670.264155693,center
312,huayruro,370312.5517371564,8739654.150185743,center
313,huayruro,370255.0352000685,8739663.473682735,center
314,huayruro,370265.7513369714,8739662.37594072,center
315,huayruro,370209.5275898288,8739653.711195435,center
316,huayruro,370178.90689550305,8739620.514403243,center
317,huayruro,370250.3361030417,8739588.233611813,center
318,huayruro,370157.8488675837,8739774.719618607,center
319,huayruro,370113.2989497982,8739716.26387016,center
320,huayruro,370090.24276805436,8739763.268374952,failed
321,huayruro,370099.6461650379,8739773.10967613,failed
322,huayruro,370142.492353215,8739910.120770881,center
323,huayruro,370282.0721019206,8740046.091050226,center
324,huayruro,370271.8218465994,8739958.349136183,center
325,huayruro,370803.05500292993,8739678.869579872,center
326,huayruro,370661.3363558653,8739656.201534128,center
327,huayruro,370740.71462381684,8740001.008275244,center
328,huayruro,370528.22053300455,8740059.041972283,center
329,huayruro,370501.12955769285,8740109.504827492,center
395,lupuna,653101.6584008071,8968974.615503384,failed
396,lupuna,652865.4591165367,8968958.615018163,center
397,lupuna,652796.9914030739,8968901.337767124,center
398,lupuna,652753.7083169768,8968886.562326077,failed
399,lupuna,652716.4717848593,8968823.187912777,failed
400,lupuna,652722.9099667408,8968777.853822073,failed
401,lupuna,652774.300134454,8968725.634435026,center
402,lupuna,653057.0053651398,8968792.60659088,failed
379,mashonaste,651131.2646316049,8970087.528761081,center
380,mashonaste,651362.7273509308,8970090.364243124,center
381,mashonaste,651391.767962096,8970090.674752612,center
382,mashonaste,651448.7230153712,8970130.96611717,center
383,mashonaste,651476.9246712724,8970083.356528407,center
384,mashonaste,651447.2084778738,8969981.157669857,failed
385,mashonaste,651431.4151723216,8969973.066792274,failed
386,mashonaste,651397.1449331417,8969961.359115642,failed
387,mashonaste,651399.6923282063,8970022.03145178,failed
388,mashonaste,651378.0424844949,8969873.187610118,failed
389,mashonaste,651052.2432789007,8970028.772982577,failed
390,mashonaste,651067.3884655256,8970048.443425253,center
391,mashonaste,651091.3987557775,8970159.319914082,failed
392,mashonaste,651217.4346039485,8970158.967736589,failed
393,mashonaste,653226.6458114751,8969709.032862926,failed
394,mashonaste,652976.2805258468,8969782.438724954,failed
