x,y,feature_id,label,type
594139.7344696966,9111153.582760507,0,lupuna,center
594394.2181486073,9111569.0929506,1,lupuna,slide
602471.817521851,9109422.163403174,2,capirona,center
602419.8467478288,9111656.71902869,3,capirona,center
602730.6755469394,9109274.388636231,4,capirona,center
602291.1115675588,9109267.3053985,5,capirona,center
592686.8188584517,9113192.08687382,6,almendro,center
592422.6686066844,9111897.076581651,7,almendro,center
601330.823587712,9112667.740824454,8,capirona,center
592247.6870525862,9111911.094053332,9,almendro,center
592242.6426904389,9112069.421896229,10,almendro,center
594479.1257782725,9111214.73175183,11,lupuna,slide
594315.2151790843,9111224.571320392,12,lupuna,slide
594569.1903820428,9111359.357593684,13,lupuna,slide
594421.8868627952,9111370.700179182,14,lupuna,slide
592672.4694333515,9113247.370340545,15,almendro,center
592425.6689287889,9112143.621160716,16,almendro,center
592519.4823476095,9112152.693962537,17,almendro,center
594358.7194578064,9111208.72808811,18,lupuna,slide
594386.3679430593,9111222.64042266,19,lupuna,slide
594218.1200928781,9111198.09517767,20,lupuna,slide
594293.6834684496,9111507.871802142,21,lupuna,slide
601288.4987368184,9112938.70736532,22,capirona,slide
602715.524857214,9111543.513805058,23,capirona,center
602620.9005127833,9109387.810972318,24,capirona,center
592658.5620317326,9113244.291115656,25,almendro,center
592167.3501028068,9111923.166902462,26,almendro,center
592539.6180701773,9112053.46147202,27,almendro,center
592148.9477961499,9112048.099396816,28,almendro,center
592214.2728818299,9112175.069486652,29,almendro,center
592298.4481053823,9111613.118505783,30,capirona,center
592168.0410598175,9113091.107760916,31,almendro,center
592666.3767750146,9112279.01512658,32,almendro,center
592430.4707228602,9111583.05559342,33,capirona,center
602608.0014277349,9111363.252380485,34,capirona,center
592709.7713397087,9112272.955377432,35,almendro,center
592275.1718772773,9111996.058469934,36,almendro,center
602354.5756125177,9111662.99465197,37,capirona,center
602743.3594201407,9111484.374750748,38,capirona,center
602169.0683479607,9109449.782714428,39,capirona,slide
602238.2896390597,9109144.916084722,40,capirona,slide
592146.8814962022,9112034.950629702,41,almendro,center
592234.63934505,9111596.157082891,42,capirona,center
602316.9548052049,9109312.647527928,43,capirona,center
592468.704929784,9112078.032945745,44,almendro,center
592190.8194055972,9112053.102214737,45,almendro,center
592278.7481262732,9111581.970637158,46,capirona,center
592544.5368177819,9113204.255547715,47,almendro,center
592550.541974291,9113176.284326566,48,almendro,center
602575.2994756973,9109408.626161613,49,capirona,center
602428.1945593372,9109168.875182703,50,capirona,center
592482.9682448105,9111566.070576986,51,capirona,center
592333.7337617395,9111630.209551638,52,capirona,center
1035502.9280607651,8776584.540083699,53,catahua,slide
1035272.6746952612,8776063.223779086,54,catahua,slide
1035277.6043858678,8776094.443280432,55,catahua,slide
1035432.79029352,8776071.779484848,56,catahua,slide
1035456.4344943508,8776188.485409847,57,catahua,slide
1035686.4947522492,8776269.668377485,58,catahua,slide
1035630.837039284,8776313.687814305,59,catahua,slide
1035592.3687605232,8776341.151960481,60,catahua,slide
1035551.4623700664,8776390.335559646,61,catahua,slide
1035502.5236664326,8776135.648039375,62,catahua,slide
1035331.448233071,8776041.863287054,63,catahua,slide
1035288.317955664,8776159.074548334,64,catahua,slide
1035253.4273947388,8776422.31500107,65,catahua,slide
1035336.2865871192,8776398.13225682,66,catahua,slide
1035525.2638100972,8776457.240630561,67,catahua,slide
1035540.3949609116,8776580.845642967,68,catahua,slide
1035529.4904902686,8776534.718937993,69,catahua,slide
1036750.3256048724,8775552.363922358,70,copaiba,slide
1036841.5277510307,8775519.764059484,71,copaiba,slide
1036767.3736394956,8775405.031427046,72,copaiba,slide
1036979.6701063731,8775002.360225422,73,copaiba,slide
1036822.4325742512,8775046.554980239,74,copaiba,slide
1036838.7844319151,8775145.960904416,75,copaiba,slide
1036753.79005717,8775293.33431802,76,copaiba,slide
1036748.6571061838,8775308.889698394,77,copaiba,slide
1036707.6351362328,8775369.556129036,78,copaiba,slide
1036554.432249016,8775334.771520961,79,copaiba,slide
1036601.2781767256,8775162.122517798,80,copaiba,slide
1036517.8149851856,8775165.020362822,81,copaiba,slide
1036498.583286403,8775102.267898962,82,copaiba,slide
1036494.171098999,8775087.389264226,83,copaiba,slide
1036707.341521254,8774952.553265966,84,copaiba,slide
1036745.183043757,8774949.064482672,85,copaiba,slide
1036783.0492350648,8774975.187968835,86,copaiba,slide
1036941.7544937548,8774993.611379215,87,copaiba,slide
1036984.7570593434,8775276.630628806,88,copaiba,slide
1036928.7759940336,8777505.838032402,89,catahua,slide
1037141.0735933088,8777496.931631796,90,catahua,slide
1036879.1864328504,8777449.683605049,91,catahua,slide
1036740.6435201544,8777598.868146699,92,catahua,slide
1036701.3795894212,8777598.393981807,93,catahua,slide
1036698.1177078196,8777610.35371204,94,catahua,slide
1036693.6343806308,8777420.046535902,95,catahua,slide
1036976.9120222242,8777388.390068013,96,catahua,slide
1036654.2286605188,8777122.403616969,97,catahua,slide
1036870.8197474224,8777079.761253377,98,catahua,slide
1036937.0504335086,8777063.008405127,99,catahua,slide
1037033.1196974968,8777044.068977179,100,catahua,slide
1037045.3950377642,8777011.234626528,101,catahua,slide
1037117.7142996592,8777041.421368945,102,catahua,slide
1037094.2798978108,8777215.107887052,103,catahua,slide
1036866.1724991573,8777341.12879001,104,catahua,slide
1036839.4889749276,8777345.726452954,105,catahua,slide
1036793.6998506212,8777299.485644553,106,catahua,slide
1036716.1235259316,8777160.60662885,107,catahua,slide
1036704.2167007471,8777200.793041345,108,catahua,slide
1036706.4703560392,8777264.60934839,109,catahua,slide
1036617.253284338,8777239.985750725,110,catahua,slide
1037124.627125227,8777312.020790339,111,catahua,slide
1036948.7379591836,8777200.950050216,112,catahua,slide
1036772.0630650644,8777614.98128228,113,catahua,slide
1036922.2040529724,8777225.731996637,114,catahua,slide
693342.1242866168,8836422.391994264,115,cumala,center
693395.3118103775,8836395.1297996,116,cumala,center
693321.4164636929,8836396.659250267,117,cumala,center
693264.5425378766,8836309.932553448,118,cumala,slide
693348.0080572828,8836140.822954444,119,cumala,slide
693017.8068234967,8837276.31877379,120,cumala,center
693278.2573353135,8836944.583352221,121,cumala,center
1030618.9355248804,8746115.64811067,122,lupuna,slide
1030622.9315686836,8746085.732305262,123,lupuna,slide
1030702.5524142704,8746073.914140249,124,lupuna,slide
1030630.270352736,8745915.510348432,125,lupuna,slide
1030676.1814632824,8745874.71852959,126,lupuna,slide
1030624.7578143463,8745773.405973965,127,lupuna,slide
1030599.9158582264,8745770.342766669,128,lupuna,slide
1030529.6244871222,8745705.348382939,129,lupuna,slide
1030161.0208248604,8745298.953031322,130,lupuna,slide
1030180.355451426,8745398.057770735,131,lupuna,slide
1030224.5866194972,8745440.454974523,132,lupuna,slide
1030489.4673870048,8745291.159271542,133,lupuna,slide
1029271.8689267088,8736222.163100151,134,lupuna,slide
1029476.1571594704,8736242.739791516,135,lupuna,slide
1029380.7886858308,8735860.820629328,136,lupuna,slide
1029466.914019618,8735801.099644637,137,lupuna,slide
1029497.8047502884,8735772.087550715,138,lupuna,slide
1029502.8018666572,8735713.361033931,139,lupuna,slide
1029490.021968737,8735649.62418297,140,lupuna,slide
1029483.0380233608,8735679.276433064,141,lupuna,slide
1029503.0359226852,8735588.38808192,142,lupuna,slide
1029360.5317382924,8735487.63969419,143,lupuna,slide
1029531.922305796,8735552.64853502,144,lupuna,slide
1029490.6653323128,8735581.644205872,145,lupuna,slide
1029311.3129416312,8735583.085086305,146,lupuna,slide
1029306.2392259204,8735734.241170328,147,lupuna,slide
1029286.79498829,8735720.915834663,148,lupuna,slide
1029171.0872946288,8735592.919165706,149,lupuna,slide
1028923.5034005628,8735596.625593485,150,lupuna,slide
1029006.899255456,8735548.545064934,151,lupuna,slide
1028947.0117100968,8735673.69163801,152,lupuna,slide
1028917.0677875704,8735675.301825345,153,lupuna,slide
1028820.7614538114,8735638.740653923,154,lupuna,slide
1028809.1430804024,8735689.959988235,155,lupuna,slide
1028798.247544811,8735701.24151132,156,lupuna,slide
1028821.2113557644,8735882.744564809,157,lupuna,slide
1028812.574888748,8735865.596016437,158,lupuna,slide
1028905.2809648291,8735872.86786764,159,lupuna,slide
1028885.917124447,8735913.830852132,160,lupuna,slide
1028825.2108803604,8735934.716833647,161,lupuna,slide
1028991.939796596,8735795.841953604,162,lupuna,slide
1029018.9620158428,8735803.58200305,163,lupuna,slide
1028959.782899283,8735786.85768471,164,lupuna,slide
1029105.07804276,8735777.013967384,165,lupuna,slide
1029031.5540003435,8735855.216939567,166,lupuna,slide
1029102.7872874256,8735893.97267104,167,lupuna,slide
1029054.9227271922,8736018.591348473,168,lupuna,slide
1028976.3968549772,8736035.060259538,169,lupuna,slide
1029392.3174448296,8735940.554590447,170,lupuna,slide
1030476.8934200128,8745877.60931678,171,lupuna,slide
1029291.7133122236,8735827.482904,172,lupuna,slide
1029054.9149787348,8735955.007550742,173,lupuna,slide
1028998.3201644664,8735935.993153505,174,lupuna,slide
1028938.7675522168,8735995.083220603,175,lupuna,slide
1028916.8349359191,8735962.751604319,176,lupuna,slide
1028810.3448933456,8736081.173120104,177,lupuna,slide
1028830.7858165638,8736177.043618482,178,lupuna,slide
1029014.8550452772,8736212.090154562,179,lupuna,slide
1029010.8764410366,8736229.106943417,180,lupuna,slide
1029042.1619455745,8736261.023067215,181,lupuna,slide
1029106.5064461024,8736164.885012332,182,lupuna,slide
1029082.7037145548,8736098.078815779,183,lupuna,slide
1029363.319232804,8736141.590498578,184,lupuna,slide
1029305.0054579189,8735827.96300275,185,lupuna,slide
1029332.885340028,8735821.19236345,186,lupuna,slide
1029223.2821487464,8735732.2798722,187,lupuna,slide
1029192.75187911,8735725.59709907,188,lupuna,slide
1029347.7344278248,8735776.1399486,189,lupuna,slide
1029298.8140179476,8735646.606441734,190,lupuna,slide
1029163.9528698908,8735542.18117427,191,lupuna,slide
1029393.355792834,8735620.91091093,192,lupuna,slide
1029312.619417657,8735931.787975658,193,lupuna,slide
1029269.3752611888,8735991.220337719,194,lupuna,slide
1029296.093259384,8736044.768876998,195,lupuna,slide
1031357.7775578846,8738066.599686908,196,huayruro,slide
1031337.3833713268,8738013.519129451,197,huayruro,slide
1031430.7759850266,8738102.963373598,198,huayruro,slide
1031499.485598619,8738146.032894371,199,huayruro,slide
1031467.3215491368,8738133.24623853,200,huayruro,slide
1031394.009018014,8738188.873455115,201,huayruro,slide
1031309.4892967864,8738178.953181097,202,huayruro,slide
1031256.4565833204,8738170.8681926,203,huayruro,slide
1031195.494910654,8738187.064157413,204,huayruro,slide
1031236.3235673752,8738205.862181582,205,huayruro,slide
1031287.6692391568,8738236.804208377,206,huayruro,slide
1031350.1220440712,8738220.613515494,207,huayruro,slide
1031462.5721822776,8738192.217879402,208,huayruro,slide
1031563.1264374104,8738226.318200266,209,huayruro,slide
1031568.0165008302,8738209.03649866,210,huayruro,slide
1031593.2538568758,8738190.548413072,211,huayruro,slide
1031466.960705536,8737953.891524289,212,huayruro,slide
1031474.889563813,8737932.895680705,213,huayruro,slide
1031375.7284178528,8737801.867889937,214,huayruro,slide
1031312.4880221164,8737815.325695999,215,huayruro,slide
1031294.8698646072,8737804.826159954,216,huayruro,slide
1031256.184774184,8737739.761740431,217,huayruro,slide
1031287.1345210676,8737758.87211467,218,huayruro,slide
1031131.7299504495,8737761.575872269,219,huayruro,slide
1031173.5051995944,8737832.90846041,220,huayruro,slide
1031198.051290172,8737885.921076776,221,huayruro,slide
1031134.0140012156,8737884.51894199,222,huayruro,slide
1031311.0214127392,8737970.17139833,223,huayruro,slide
1030975.4211498698,8737824.09287605,224,huayruro,slide
1030941.4628996544,8737851.047942987,225,huayruro,slide
1030895.1191742629,8737844.947464563,226,huayruro,slide
1030894.7906489436,8737870.95363434,227,huayruro,slide
1030955.0282840516,8737902.643773977,228,huayruro,slide
1031021.3080487864,8737904.077310283,229,huayruro,slide
1030814.609369412,8737799.490797123,230,huayruro,slide
1030776.514890008,8737820.020491134,231,huayruro,slide
1030933.614999514,8738134.016643502,232,huayruro,slide
1031061.5453148232,8738216.997282188,233,huayruro,slide
1031047.7648826884,8738190.46010277,234,huayruro,slide
1031114.712910566,8738123.683463916,235,huayruro,slide
1031182.2574857746,8738189.220296275,236,huayruro,slide
1030896.1743893162,8738251.490541596,237,huayruro,slide
1031417.3650779912,8737893.143100739,238,huayruro,slide
1030884.3042821907,8738209.031401815,239,huayruro,slide
1030909.5498952684,8738176.389241863,240,huayruro,slide
1030897.4867427537,8738168.585903753,241,huayruro,slide
1030847.906164382,8738150.48316004,242,huayruro,slide
1030854.1670738098,8738109.47575339,243,huayruro,slide
1030913.6160947948,8738051.04907579,244,huayruro,slide
1030798.1698104524,8737972.787876405,245,huayruro,slide
1030954.984392724,8738021.089220047,246,huayruro,slide
1031033.8823463138,8737980.683457173,247,huayruro,slide
1031104.6253361024,8738011.511805411,248,huayruro,slide
1031129.0794084964,8738029.151427936,249,huayruro,slide
1031168.8257209916,8738004.700896844,250,huayruro,slide
1031277.6004800944,8738048.975769525,251,huayruro,slide
1031304.4525532651,8738071.046848372,252,huayruro,slide
1031343.1363604112,8738105.59876004,253,huayruro,slide
1031333.7610285536,8738136.505825017,254,huayruro,slide
1031310.2957329848,8738140.817311648,255,huayruro,slide
1025273.2097376136,8736098.972628675,256,huayruro,slide
1025278.1468794736,8736074.536188077,257,huayruro,slide
1025283.3468794737,8736069.336188078,258,huayruro,slide
1025238.8775458516,8736039.410828322,259,huayruro,slide
1025260.7989181553,8736007.382284261,260,huayruro,slide
1025320.8823391536,8735987.04236971,261,huayruro,slide
1025268.8253908076,8735952.59954273,262,huayruro,slide
1025402.5754212036,8736024.101727234,263,huayruro,slide
1025507.0305543328,8736066.216846561,264,huayruro,slide
1025480.7334738112,8735974.182472812,265,huayruro,slide
1025499.2495166432,8735963.524237502,266,huayruro,slide
1025509.5142939608,8735999.884797333,267,huayruro,slide
1025524.9240592244,8735974.754843334,268,huayruro,slide
1025575.2184811442,8735968.618803214,269,huayruro,slide
1025575.2184811442,8735973.818803214,270,huayruro,slide
1025596.2506370024,8735984.968324915,271,huayruro,slide
1025629.887433301,8736033.986730354,272,huayruro,slide
1025662.223085122,8736034.880316215,273,huayruro,slide
1025640.7517462012,8735901.455990443,274,huayruro,slide
1025632.2561721002,8735923.821224306,275,huayruro,slide
1025646.310706392,8735820.946663907,276,huayruro,slide
1025652.1775993952,8735848.31737908,277,huayruro,slide
1025516.5108426393,8735825.014679212,278,huayruro,slide
1025459.6754120884,8735826.511538772,279,huayruro,slide
1025415.4311297336,8735947.275014332,280,huayruro,slide
1025384.3836484696,8735984.261608424,281,huayruro,slide
1025339.9288156392,8735887.27213364,282,huayruro,slide
1025444.2100633972,8735778.712101536,283,huayruro,slide
1025421.80398054,8735706.809022091,284,huayruro,slide
1025508.133054486,8735764.929986982,285,huayruro,slide
1025596.6128907172,8735687.879650304,286,huayruro,slide
1025594.3530026686,8735705.229021303,287,huayruro,slide
1025563.1715263925,8735687.696824478,288,huayruro,slide
1025515.1977724702,8735648.855767928,289,huayruro,slide
1025486.1784155448,8735702.427313961,290,huayruro,slide
1025475.6055730056,8735709.609522069,291,huayruro,slide
1025645.6911855692,8735715.487595577,292,huayruro,slide
1025689.3854707936,8735704.301643178,293,huayruro,slide
1025720.0869731528,8735713.02702238,294,huayruro,slide
1025827.3265215172,8735839.7500263,295,huayruro,slide
1025805.9185111944,8736048.179456461,296,huayruro,slide
1025761.5791136788,8735849.258259568,297,huayruro,slide
1025767.1788842086,8735960.352821102,298,huayruro,slide
1025901.7631263578,8736038.439608555,299,huayruro,slide
1025914.8792549428,8736040.046419254,300,huayruro,slide
1026018.8378178336,8735798.336782802,301,huayruro,slide
1026038.1988267872,8735581.243080605,302,huayruro,slide
1025994.550596731,8735529.200088112,303,huayruro,slide
1025891.001717264,8735447.830274478,304,huayruro,slide
1025822.0373201484,8735584.04538268,305,huayruro,slide
1025844.6545382496,8735587.329240141,306,huayruro,slide
1025692.1335315404,8735536.773181273,307,huayruro,slide
1025697.92896228,8735605.392240616,308,huayruro,slide
1025746.4432399106,8735674.310069615,309,huayruro,slide
1025562.4936886948,8735575.290367197,310,huayruro,slide
1025458.0971158752,8735557.70244491,311,huayruro,slide
1025450.27280042,8735541.695525888,312,huayruro,slide
1025392.7779658512,8735552.243310712,313,huayruro,slide
1025403.503354194,8735550.919382524,314,huayruro,slide
1025346.9310598442,8735543.398175249,315,huayruro,slide
1025315.5282007788,8735510.73895876,316,huayruro,slide
1025386.4997348224,8735476.875722595,317,huayruro,slide
1025297.6145823688,8735665.843649153,318,huayruro,slide
1025251.7155498504,8735608.139586762,319,huayruro,slide
1025229.5680418104,8735655.764252957,320,huayruro,slide
1025239.2042532328,8735665.439416874,321,huayruro,slide
1025285.0281029852,8735801.969349071,322,huayruro,slide
1025427.8532097916,8735935.44406412,323,huayruro,slide
1025415.7476800455,8735847.652555306,324,huayruro,slide
1025942.7612170904,8735556.286348304,325,huayruro,slide
1025800.145657966,8735536.498087283,326,huayruro,slide
1025886.9334333796,8735880.688807152,327,huayruro,slide
1025675.0085676408,8735943.315359455,328,huayruro,slide
1025648.8856682436,8735994.492846165,329,huayruro,slide
1024375.59590755,8737483.020036766,330,cumala,slide
1023912.5282623871,8737497.139178112,331,cumala,slide
1023971.7376701726,8737511.339746032,332,cumala,slide
1023983.524483074,8737476.009617165,333,cumala,slide
1024023.003552198,8737487.729031548,334,cumala,slide
1024061.8471360314,8737509.1686534,335,cumala,slide
1024133.5350556716,8737500.432877082,336,cumala,slide
1024174.3744912628,8737502.164671041,337,cumala,slide
1024120.2833724451,8737482.174973916,338,cumala,slide
1024246.036016435,8737468.647609398,339,cumala,slide
1024128.3066746638,8737464.59768429,340,cumala,slide
1024147.6657460392,8737478.468187679,341,cumala,slide
1024036.4973341716,8737389.47646234,342,cumala,slide
1023972.0834549608,8737359.81883888,343,cumala,slide
1023990.0211943224,8737357.55790295,344,cumala,slide
1024001.9353666191,8737301.99180744,345,cumala,slide
1024224.2526039866,8737302.84376914,346,cumala,slide
1024364.148842533,8737357.15668275,347,cumala,slide
1024268.4018340243,8737305.003710426,348,cumala,slide
1024462.7228091736,8737087.141020387,349,cumala,slide
1024268.653039523,8737038.739395604,350,cumala,slide
1024167.9634947293,8737109.115189403,351,cumala,slide
1023971.2952216128,8737191.69951893,352,cumala,slide
1023809.5580549134,8737105.768167697,353,cumala,slide
1023828.8994556728,8737106.213325229,354,cumala,slide
1023797.4222155132,8737311.32429406,355,cumala,slide
1023918.6929314332,8737389.259738103,356,cumala,slide
1024056.5089431223,8737021.26019642,357,cumala,slide
1024100.8116882144,8737145.405250762,358,cumala,slide
1024125.1792177256,8737099.957768258,359,cumala,slide
1024112.0519855784,8737218.185231525,360,cumala,slide
1023885.1336680752,8737335.473763566,361,cumala,slide
1023954.2991437978,8737573.345651554,362,cumala,slide
1024206.0676781352,8737519.48701998,363,cumala,slide
1023988.8671501856,8737159.612617867,364,cumala,slide
1024088.9972086704,8737196.396699594,365,cumala,slide
1024048.6312808036,8737187.690018693,366,cumala,slide
1024161.725076488,8737379.838550128,367,cumala,slide
1024340.4360646476,8737198.249313533,368,cumala,slide
1024535.2054249264,8737226.49578695,369,cumala,slide
1024440.7996791856,8737360.180848872,370,cumala,slide
1035656.0000710548,8776424.502798866,371,catahua,slide
1035348.8177757546,8776066.143870058,372,catahua,slide
1035348.8177757546,8776060.943870058,373,catahua,slide
1036590.2654597145,8775223.77011808,374,copaiba,slide
1036566.0964256932,8775029.903412534,375,copaiba,slide
1036649.8515795524,8777604.873129707,376,catahua,slide
1030406.7820657796,8745367.681622744,377,lupuna,slide
1030262.1318039394,8745423.493355654,378,lupuna,slide
651131.2646316049,8970087.528761081,379,mashonaste,center
651362.7273509307,8970090.364243122,380,mashonaste,center
651391.7679620963,8970090.674752612,381,mashonaste,center
651448.7230153712,8970130.96611717,382,mashonaste,center
651474.5246712725,8970082.956528408,383,mashonaste,center
651447.2084778738,8969981.157669857,384,mashonaste,center
651431.4151723218,8969973.066792272,385,mashonaste,center
651397.1449331419,8969961.35911564,386,mashonaste,center
651399.6923282064,8970022.03145178,387,mashonaste,center
651367.642484495,8969883.587610116,388,mashonaste,slide
651052.2432789007,8970028.772982577,389,mashonaste,slide
651067.8684655256,8970048.203425253,390,mashonaste,center
651086.1987557773,8970148.919914082,391,mashonaste,slide
651217.4346039485,8970158.96773659,392,mashonaste,center
653216.2458114751,8969714.232862925,393,mashonaste,slide
652976.2805258469,8969782.438724954,394,mashonaste,center
653101.658400807,8968964.215503385,395,lupuna,center
652865.4591165367,8968958.615018163,396,lupuna,center
652796.9914030739,8968901.337767124,397,lupuna,center
652753.7083169768,8968886.562326077,398,lupuna,center
652706.0717848593,8968812.787912779,399,lupuna,slide
652712.5099667409,8968783.053822072,400,lupuna,slide
652774.300134454,8968725.634435026,401,lupuna,center
653059.6053651399,8968792.60659088,402,lupuna,center
656052.2090681405,8954430.40882661,403,shihuahuaco,center
654931.4818375503,8955837.341290869,404,shihuahuaco,slide
654987.5383211285,8955851.466292046,405,shihuahuaco,slide
655081.839073226,8955844.39858566,406,shihuahuaco,slide
654844.8806786799,8955883.323370703,407,shihuahuaco,slide
654853.9217559985,8955876.659233967,408,shihuahuaco,slide
654851.8364317723,8955960.755953226,409,shihuahuaco,slide
654891.9908696581,8956010.232838992,410,shihuahuaco,slide
655072.0277916606,8955932.560686052,411,shihuahuaco,slide
655155.6776234433,8955987.113746898,412,shihuahuaco,slide
655195.7674897147,8955944.229231944,413,shihuahuaco,center
655198.2017364217,8955943.241127852,414,shihuahuaco,center
655198.2017364213,8955943.241127852,415,shihuahuaco,center
654505.0632614284,8956102.11202189,416,mashonaste,center
654357.5894300805,8956172.036783934,417,mashonaste,center
654534.9217418199,8956152.319280982,418,mashonaste,center
654503.9977238658,8956157.931144472,419,mashonaste,center
654508.4622186327,8956216.04622185,420,mashonaste,center
654431.3054960421,8956246.973296914,421,mashonaste,center
654434.9948389782,8956280.697521795,422,mashonaste,center
654483.4132074753,8956304.61950151,423,mashonaste,center
654479.9054462427,8956347.784058556,424,mashonaste,center
654482.2386132092,8956342.584058557,425,mashonaste,center
654288.511754971,8956366.027705539,426,mashonaste,center
646634.8373067008,8876394.65585357,427,shihuahuaco,center
647063.4217949639,8876523.446682062,428,shihuahuaco,slide
646872.2880760399,8876405.562329108,429,shihuahuaco,center
646341.3840464526,8876668.93296099,430,shihuahuaco,center
646437.8118794519,8876706.79151935,432,shihuahuaco,center
646879.5264075269,8876303.423176154,433,shihuahuaco,center
646495.1252562976,8876374.801091513,434,shihuahuaco,center
646544.198480372,8876294.816679752,435,shihuahuaco,slide
646856.7435299126,8876589.544333326,436,shihuahuaco,center
646292.9409117792,8876712.011651851,437,shihuahuaco,center
646294.4780670281,8876706.811651852,438,shihuahuaco,center
633812.6717785202,8860081.535547499,439,yacushapana,slide
634081.7808220853,8860057.268041292,440,yacushapana,slide
643364.6684990028,8876800.240174048,441,shihuahuaco,slide
643623.9288218179,8877001.655086685,442,shihuahuaco,center
643876.7782611317,8877116.503216175,443,shihuahuaco,center
643891.4534017694,8877121.690061161,444,shihuahuaco,center
643873.2923824108,8877207.07843775,445,shihuahuaco,center
643888.8737962819,8877235.409898838,446,shihuahuaco,center
634154.519310172,8860171.222187141,447,yacushapana,slide
633690.4268920524,8860194.600279188,448,yacushapana,slide
646509.9702686797,8876757.7241947,449,shihuahuaco,center
647082.3329804316,8876592.513272595,450,shihuahuaco,center
647085.6465794783,8876587.37116903,451,shihuahuaco,center
646440.9431683299,8876740.299324684,452,shihuahuaco,center
646644.7724860406,8876681.812430356,453,shihuahuaco,center
646288.4373200027,8876601.804257317,454,shihuahuaco,center
587973.3519645395,8773486.481606841,455,ana caspi,slide
588041.6235242113,8773367.542701,456,almendro,slide
590874.6403588552,8771012.471582476,457,yacushapana,center
588032.3089965351,8773408.319468156,458,almendro,slide
588006.5615886191,8773317.70051707,459,almendro,slide
590788.4858225735,8771213.096296191,460,yacushapana,center
590953.2479082366,8771115.824093662,461,yacushapana,center
590877.937557616,8771100.024352714,462,yacushapana,center
590841.6900902146,8770909.231254792,463,yacushapana,center
591043.0267371509,8770832.956110844,464,yacushapana,center
590765.0751897721,8771123.813266203,465,yacushapana,center
590783.977759798,8771033.354785448,466,yacushapana,center
590743.5977192755,8771004.191823412,467,yacushapana,center
590722.8805347604,8771031.773000801,468,yacushapana,center
590797.2897966766,8771125.290948963,469,yacushapana,center
588007.8790377135,8773386.282333344,470,almendro,slide
588064.3924782836,8773453.727950368,471,ana caspi,slide
588081.0481860841,8773472.369557401,472,ana caspi,slide
588024.5613900555,8773406.083440563,473,almendro,slide
590848.3503322956,8770976.192746606,474,yacushapana,center
590859.9389266588,8770942.220584517,475,yacushapana,center
590840.4403485928,8770962.413227249,476,yacushapana,center
590836.6259026921,8770957.21322725,477,yacushapana,center
590817.4251090582,8770929.453180796,478,yacushapana,center
590821.3292671624,8770918.315767495,479,yacushapana,center
590833.617519326,8770924.72721434,480,yacushapana,center
588345.6076341678,8773100.70111797,481,yacushapana,slide
590826.0284851185,8771207.056453573,482,yacushapana,center
588140.1022032357,8773382.008631863,483,almendro,slide
588107.6957597208,8773218.26053316,484,almendro,slide
588445.0687865777,8773421.814625897,485,almendro,slide
589973.8517831707,8772012.299474325,486,ana caspi,slide
591018.2102031008,8770775.498702794,487,yacushapana,center
486995.6533429271,9121378.126727376,488,copaiba,center
487091.6570362334,9121312.31835688,489,copaiba,center
489575.8893695305,9119933.195678256,490,caoba,center
490886.4313144121,9119916.578649765,491,lupuna,center
487440.330732881,9121325.234858606,492,copaiba,center
491226.4971761779,9118908.11132574,493,huimba,center
490815.01205375977,9119043.228339223,494,huimba,center
490590.2770701877,9119022.296559146,495,huimba,center
490653.7646992757,9118879.09435396,496,huimba,center
487365.1681326401,9121081.535067145,497,shihuahuaco,center
489657.0078404076,9119647.611182114,498,caoba,center
487027.6438607478,9120463.408336587,499,capirona,center
487087.1733568767,9120375.255138714,500,capirona,center
487373.609815612,9120467.259663273,501,capirona,center
490898.3913766786,9120302.82973443,502,lupuna,center
490498.7686423964,9119328.456390971,503,huimba,center
487518.20208544575,9120803.469180517,504,shihuahuaco,center
487505.8861082692,9120951.43587543,505,shihuahuaco,center
487622.7155243513,9120795.326880734,506,shihuahuaco,center
487632.1886512186,9120809.619757917,507,shihuahuaco,center
487493.0080724079,9121202.12115725,508,copaiba,center
487494.4906124487,9121290.774665983,509,copaiba,center
487810.3445228739,9121042.843401968,510,shihuahuaco,center
487637.3980448374,9121097.117249876,511,shihuahuaco,center
490546.3301493746,9118879.241030866,512,huimba,center
491135.52783906687,9118918.260400116,513,huimba,center
486843.13648604,9121502.24084595,514,copaiba,center
486954.77664266486,9121515.866687125,515,copaiba,center
487358.1222697387,9121376.457620526,516,copaiba,center
487053.90356440906,9121553.23750101,517,copaiba,center
487412.0581811336,9120321.9757925,518,capirona,slide
487185.4624482414,9121411.241865614,519,copaiba,center
487049.600542828,9121258.958004529,520,copaiba,center
489810.6072424892,9119916.912886253,521,caoba,center
489737.19905289565,9119817.459999084,522,caoba,center
489729.9094408315,9119574.371340515,523,caoba,center
489695.060643686,9119599.790372884,524,caoba,center
489438.370181416,9119838.439838722,525,caoba,slide
487387.7880745081,9121032.691692278,526,shihuahuaco,center
487509.1513092751,9121406.804994646,527,copaiba,center
487236.9820716611,9121421.92097365,528,copaiba,center
487386.62457489886,9121550.645184424,529,copaiba,center
487329.4772697583,9120310.374019856,530,capirona,center
487291.1861180897,9120440.655020816,531,capirona,center
487053.2827020579,9120488.787461163,532,capirona,center
487045.1054734213,9120470.844709536,533,capirona,center
487351.93913402944,9121053.464258766,534,shihuahuaco,center
487783.2424482752,9121111.476143071,535,shihuahuaco,center
575974.3540595092,8694566.753654601,591,shihuahuaco,slide
576020.9080849142,8694570.146222096,592,shihuahuaco,slide
489099.2557540492,9121763.59214874,593,shihuahuaco,center
489099.2557540492,9121763.59214874,594,shihuahuaco,center
488915.9459347892,9121881.112996273,595,shihuahuaco,slide
489442.37427683023,9121750.763370048,596,shihuahuaco,center
489513.6330079358,9121833.6311881,597,shihuahuaco,center
489534.0865598344,9121833.012893517,598,shihuahuaco,center
489660.2869185124,9121873.533031208,599,shihuahuaco,center
489430.7153894582,9122034.425593728,600,shihuahuaco,center
489552.9231969848,9122112.685472503,601,shihuahuaco,center
489710.07654396544,9122043.570490357,602,palo baston,slide
489594.3409675456,9122244.668946968,603,shihuahuaco,center
489574.56123484,9122194.14384756,604,shihuahuaco,center
489539.7596013227,9122263.525932193,605,shihuahuaco,center
489273.0634290309,9122347.082629053,606,shihuahuaco,center
489364.79144211806,9122448.223340746,607,shihuahuaco,center
489318.881036258,9122439.605863145,608,shihuahuaco,center
489162.9646950641,9122313.95123419,609,shihuahuaco,center
488980.3882041504,9122218.982707018,610,shihuahuaco,center
488950.17231629393,9122438.94489804,611,shihuahuaco,center
489851.83534339216,9121863.69448924,612,copaiba,center
489864.2430737656,9121925.86027549,613,copaiba,center
489956.3368451638,9121982.856278928,614,copaiba,center
490282.4102926866,9122003.99598573,615,copaiba,slide
490282.69695893046,9122019.59533397,616,copaiba,slide
490292.269772396,9121922.042489288,617,copaiba,slide
490226.4130781258,9121644.96936022,618,copaiba,center
490348.7358627816,9121618.231174724,619,copaiba,slide
490064.5753614676,9121561.588497348,620,copaiba,slide
490095.693358125,9121606.898876691,621,copaiba,slide
490320.6958339412,9121508.916549964,622,copaiba,slide
490321.8852010153,9121505.403889311,623,copaiba,slide
490583.1676633765,9122390.056172438,624,ishpingo,slide
489299.07459782,9122422.407133851,625,shihuahuaco,center
489275.300925676,9122378.61631179,626,shihuahuaco,center
610378.3174757884,8758738.579077313,627,shihuahuaco,center
611040.400589989,8758747.119325235,628,caoba,center
610266.1072219046,8758550.908470962,629,shihuahuaco,center
610246.9284606472,8758597.214550467,630,shihuahuaco,center
611023.4532540813,8758753.34430444,631,caoba,center
610870.0394179453,8758758.937591692,632,caoba,center
610969.7499208796,8758633.20728865,633,caoba,center
611030.570170698,8758507.119068453,634,caoba,center
610239.2059532073,8758732.438521411,635,shihuahuaco,center
610594.1991749116,8758713.216360547,636,caoba,slide
610735.2017034948,8758720.112809999,637,caoba,slide
609618.0112629164,8753820.24850876,638,estoraque,center
610004.7914677295,8753833.862433884,639,estoraque,center
610027.3014526713,8753857.63845246,640,estoraque,center
610000.8096643132,8753858.89252511,641,estoraque,center
610054.7968314775,8753838.95615204,642,estoraque,center
610007.3377115498,8753817.47478517,643,estoraque,center
610104.8369790432,8753822.551227175,644,estoraque,center
610100.351138726,8753787.696883682,645,estoraque,center
610041.6722310963,8753560.109445503,646,estoraque,center
609796.5421541339,8753494.61554865,647,estoraque,center
609553.0522296095,8757566.513634631,648,azãºcar huayo,center
610567.2847665224,8756509.088504914,649,estoraque,slide
612205.2938870756,8752993.547562916,650,azãºcar huayo,slide
612172.2210333019,8752997.342264872,651,azãºcar huayo,slide
612222.0039471732,8753098.35088941,652,azãºcar huayo,slide
612102.9770994501,8753146.702563073,653,azãºcar huayo,center
612125.9338713638,8753169.814482167,654,azãºcar huayo,center
612110.6920318942,8753175.174685065,655,azãºcar huayo,center
612095.2010923561,8753174.136298167,656,azãºcar huayo,center
612090.2349269796,8753191.17674682,657,azãºcar huayo,slide
612021.6627221396,8753158.103701007,658,azãºcar huayo,slide
611745.4708941375,8753208.210514368,659,ana caspi,center
611786.992811137,8753136.042348191,660,azãºcar huayo,center
611825.8184990943,8753109.526187,661,azãºcar huayo,center
611820.330392781,8753090.383667048,662,azãºcar huayo,center
611835.6453314257,8753184.33612136,663,azãºcar huayo,center
611933.2906073215,8753284.051751984,664,ana caspi,slide
611952.3241245763,8753323.83676501,665,ana caspi,slide
611957.761606065,8753102.460908497,666,azãºcar huayo,slide
611975.4934790101,8753124.498075642,667,azãºcar huayo,slide
611920.1269792976,8753059.350538934,668,azãºcar huayo,slide
611899.7022153565,8753357.360941656,669,ana caspi,slide
611866.4027288186,8753417.886705287,670,ana caspi,center
612256.622269617,8752782.540303841,671,azãºcar huayo,slide
610450.4278430728,8758791.984887835,672,caoba,center
610672.8164042913,8758657.238042708,673,caoba,slide
610611.4161339212,8758658.667120026,674,caoba,slide
610801.2115951292,8758779.220993409,675,caoba,center
609637.1593442014,8753628.555885114,676,estoraque,center
609654.1693647751,8753680.285823653,677,estoraque,center
609668.283017452,8753725.719685258,678,estoraque,center
609900.0638374715,8753782.180522952,679,estoraque,center
609857.8224382862,8753783.147142254,680,estoraque,center
609429.4714363368,8757629.66774321,681,azãºcar huayo,slide
609431.4387909452,8757550.205628477,682,azãºcar huayo,slide
611770.442816496,8753447.878538754,683,ana caspi,center
611730.5401706981,8753131.389565889,684,azãºcar huayo,center
611735.1287241501,8753132.85546774,685,azãºcar huayo,center
611763.984135899,8753080.815029146,686,azãºcar huayo,center
611740.1911654245,8753091.427026333,687,azãºcar huayo,center
611752.7174692326,8753069.548362482,688,azãºcar huayo,center
611756.6087507105,8753075.149123002,689,azãºcar huayo,center
611771.0458103874,8753435.808907475,690,ana caspi,center
612087.737237065,8753261.877099862,691,ana caspi,slide
612159.784670923,8753246.806100428,692,ana caspi,slide
612012.5399242557,8753084.699382398,693,azãºcar huayo,center
612061.5796177849,8753157.740979746,694,azãºcar huayo,center
612041.9558326605,8753144.959815482,695,azãºcar huayo,center
611979.6891481935,8753210.704394875,696,azãºcar huayo,slide
608070.4728972698,8783298.690546323,697,ana caspi,center
608126.0008810707,8783321.453802887,698,ana caspi,center
608037.8302256069,8782897.454653984,699,ana caspi,center
608168.8337726693,8782936.598480226,700,ana caspi,slide
607687.7988165444,8782941.872490292,701,copaiba,slide
608109.5418983318,8782752.670486521,702,ana caspi,slide
608111.8849968397,8782756.946638279,703,ana caspi,slide
607673.6515834797,8782853.484366095,704,copaiba,slide
607692.2859177036,8782945.006172469,705,copaiba,slide
608141.62622684,8783040.278474063,706,ana caspi,slide
608180.9284892933,8783004.643193122,707,ana caspi,slide
608036.1918780936,8783074.4054072,708,ana caspi,center
608092.9201436817,8783057.45441974,709,ana caspi,center
608110.396147502,8783075.366965631,710,ana caspi,slide
608091.2242743993,8783121.948101725,711,ana caspi,center
608080.9500074944,8783174.902124379,712,ana caspi,slide
607659.7147404453,8782770.20024083,713,copaiba,center
607662.8347404453,8782766.04024083,714,copaiba,center
608226.7627016531,8782799.650379065,715,ana caspi,center
608211.3974328702,8782884.644936834,716,ana caspi,center
608240.6229906214,8782878.398275707,717,ana caspi,center
608219.965263784,8782862.795670142,718,ana caspi,center
608734.4919667218,8773262.68349699,719,palo baston,center
608732.2750395184,8773333.66029709,720,palo baston,center
608812.1611553963,8773450.512434656,721,palo baston,center
608793.5527316784,8773586.601492489,722,palo baston,center
608792.0975134899,8773523.614546562,723,palo baston,center
608849.390644082,8773512.869925776,724,palo baston,center
608912.0893733475,8773549.43522944,725,ishpingo,center
608567.3227412925,8773297.164354317,726,palo baston,slide
609178.0546279117,8773632.874259315,727,shihuahuaco,center
608805.9692533044,8773139.97059302,728,palo baston,center
608753.7503214742,8773447.73186407,729,palo baston,center
608039.8975956361,8783274.168691283,730,ana caspi,center
607772.2450433924,8782808.393401384,731,copaiba,slide
607792.7288575444,8782842.35429106,732,ana caspi,center
607789.5295527903,8782827.56548352,733,ana caspi,center
607732.1314077607,8783074.929008696,734,copaiba,slide
607871.3934866097,8782858.460336616,735,ana caspi,center
607739.4393899266,8782828.686300062,736,copaiba,slide
607743.8636766778,8782818.751768649,737,copaiba,slide
607743.1722048783,8782840.351216478,738,copaiba,slide
607907.6265874947,8782913.231585436,739,ana caspi,center
607906.0227709142,8782891.333204009,740,ana caspi,center
607852.3920815717,8782745.372134276,741,ana caspi,center
607875.9054577966,8782727.988080109,742,ana caspi,center
607847.1920815718,8782748.997996699,743,ana caspi,center
607893.1436552616,8782977.894415429,744,ana caspi,center
607857.0574054082,8783165.391361741,745,ana caspi,center
607675.582383673,8782681.478821402,746,copaiba,slide
608076.2658005272,8783280.394108463,747,ana caspi,center
608130.2187843069,8783267.829557197,748,ana caspi,slide
608054.3469186947,8783334.492952142,749,ana caspi,center
608095.6958260327,8783335.049265206,750,ana caspi,center
608142.9315155669,8783084.335545992,751,ana caspi,slide
608193.8525188722,8783054.674330566,752,ana caspi,center
608134.2763249303,8783139.588151947,753,ana caspi,slide
609065.2233360707,8773396.103587354,754,ishpingo,slide
609103.0671263497,8773463.826064238,755,shihuahuaco,center
448413.6520658428,9153531.725795288,756,estoraque,slide
448396.769028492,9153558.85956624,757,estoraque,slide
448444.2983012133,9153278.09044217,758,estoraque,center
448806.2376418044,9153461.139687384,759,estoraque,center
448637.0610101987,9153268.686553769,760,estoraque,center
449342.004072088,9153588.261511292,761,lupuna,slide
448707.4789294625,9152536.954644589,762,shihuahuaco,slide
448779.4875827313,9152605.413238406,763,shihuahuaco,center
449015.40803762106,9152798.640550507,764,shihuahuaco,center
449490.0733589912,9152450.229405424,765,azãºcar huayo,slide
449521.35909330746,9152383.522565955,766,azãºcar huayo,slide
449610.9549519799,9152517.771271832,767,azãºcar huayo,slide
449775.53303370025,9152459.352142248,768,azãºcar huayo,slide
449908.9606307769,9152492.906806896,769,ana caspi,slide
449854.927169584,9152765.88324361,770,azãºcar huayo,slide
450458.3524213415,9152399.524498165,771,ana caspi,slide
450414.1304761498,9152656.11018974,772,ana caspi,center
450346.8614636779,9152753.26023,773,copaiba,slide
450107.184033532,9153155.131826209,774,copaiba,slide
450678.2981975584,9153119.865962848,775,caoba,center
448561.9132829605,9153650.40754744,776,estoraque,slide
450415.0704128686,9152413.75664061,777,ana caspi,slide
451192.1546608776,9152580.399058472,778,copaiba,slide
451410.9682189052,9152609.336105028,779,copaiba,slide
451240.3698698953,9152205.1661956,780,caoba,center
451199.8893303056,9152680.241714465,781,copaiba,slide
451365.8577085433,9152600.200454308,782,copaiba,slide
451549.28353711206,9153458.38048378,783,copaiba,slide
451484.8215450433,9153916.788837925,784,ishpingo,center
451609.21538794704,9153965.385704467,785,ishpingo,center
451896.4485687831,9153916.2493856,786,ishpingo,center
452449.8313615448,9153235.565549362,787,capirona,center
452736.0328534867,9152830.0882127,788,estoraque,center
452761.0602084613,9153441.284036895,789,capirona,center
453342.2460500777,9153690.683402129,790,shihuahuaco,center
452970.1205767869,9153995.455150858,791,shihuahuaco,center
453054.3131831445,9153935.526136177,792,shihuahuaco,slide
453188.796477337,9153785.05552069,793,shihuahuaco,center
452750.7922176895,9153973.785272146,794,azãºcar huayo,slide
453383.1115662944,9154008.80166115,795,ishpingo,slide
453106.3307972495,9154185.197242416,796,shihuahuaco,center
453845.4410316534,9153756.871138008,797,yacushapana,slide
453498.012471536,9152458.618531177,798,shihuahuaco,slide
453766.9354751519,9152482.590206176,799,shihuahuaco,center
454740.6483984944,9152339.381592851,800,ana caspi,slide
454982.73333835567,9152613.947280956,801,ana caspi,slide
455056.5193161183,9152855.523689412,802,estoraque,slide
454932.513565811,9152878.0570122,803,estoraque,slide
454678.0398175642,9153159.8169317,804,estoraque,slide
454333.69625883206,9154005.901262254,805,ishpingo,slide
454655.10993085953,9154331.09041301,806,shihuahuaco,center
454654.1036731729,9154229.948481863,807,shihuahuaco,center
456158.5127269321,9154264.313075043,808,ishpingo,center
456243.9495665897,9154335.152876608,809,ishpingo,center
456423.10465143534,9154334.858953243,810,ishpingo,center
456457.8027560376,9154507.836142473,811,ishpingo,center
456244.0315833931,9154441.6965053,812,ishpingo,center
455367.65422487934,9154378.950811451,813,ana caspi,slide
456338.7873467584,9154127.413316406,814,ishpingo,center
455317.5921385752,9154427.297080984,815,ana caspi,center
454648.3411583016,9154264.154004216,816,shihuahuaco,center
453367.0205094438,9154706.789265264,817,ana caspi,center
453554.52803592006,9154671.588034576,818,ana caspi,slide
453609.40538320807,9154615.571832515,819,ana caspi,center
449804.155562974,9152898.41088978,820,azãºcar huayo,slide
453617.114219758,9154903.701297335,821,ana caspi,slide
448470.6099440711,9153652.904957429,822,estoraque,slide
449242.25301702623,9153614.025872976,823,lupuna,center
449504.79119354906,9152907.457707075,824,azãºcar huayo,slide
449690.93905521656,9152501.045587096,825,azãºcar huayo,slide
450286.6487260579,9152860.84776225,826,copaiba,center
450351.4400215711,9152922.613177126,827,copaiba,center
450299.8959853332,9152425.736030277,828,ana caspi,center
451411.69690899,9153302.525300562,829,copaiba,center
453100.97198615526,9154372.516882395,830,shihuahuaco,center
455185.337346284,9153760.689556208,831,ishpingo,center
455435.29194435023,9154439.041131824,832,ana caspi,slide
456488.3720875972,9154183.354411649,833,ishpingo,center
454283.6635164731,9154251.040199207,834,shihuahuaco,center
454907.7755652342,9153029.09043174,835,estoraque,center
454697.339924962,9152359.820043877,836,ana caspi,slide
448521.3378971285,9153209.682226492,837,estoraque,center
450643.3436008208,9153415.86163776,838,ishpingo,slide
450720.1510303417,9153898.29727883,839,ishpingo,center
451198.73294682114,9153870.477669982,840,ishpingo,center
451234.2952217611,9152785.100218955,841,copaiba,center
451288.3411502225,9152596.061595077,842,copaiba,slide
449048.5376800072,9153354.316009238,843,estoraque,center
450214.3604734925,9152432.7442689,844,ana caspi,slide
450320.62296244607,9152428.55708239,845,ana caspi,slide
450292.8332005743,9152516.609933896,846,ana caspi,center
450718.7754751786,9153639.35010784,847,ishpingo,center
455012.5118889122,9152546.03185606,848,ana caspi,slide
456578.1244009789,9154556.043685945,849,ishpingo,center
455781.4787059298,9154077.63043911,850,capirona,slide
456466.6949581291,9154532.254870323,851,ishpingo,center
454287.70409111184,9154498.860313792,852,shihuahuaco,center
450111.2551860791,9152374.67832772,853,ana caspi,center
448978.3276022841,9152769.093569037,854,shihuahuaco,center
453617.49416181154,9154725.413347116,855,ana caspi,center
450447.5208605185,9153164.20069571,856,caoba,center
450641.21040840034,9153060.358775027,857,caoba,center
451281.0985876896,9153587.613047738,858,ishpingo,center
451621.3279242676,9152635.59157002,859,copaiba,slide
453704.0605115634,9153827.781305349,860,ishpingo,slide
454074.8740753455,9154071.392499492,861,ishpingo,center
453398.9727569989,9154925.656392416,862,ana caspi,slide
454916.03272743965,9152946.53107825,863,estoraque,center
454745.86977226846,9152383.501089232,864,ana caspi,slide
448427.8531422757,9153538.040017014,865,estoraque,center
448581.58821117016,9153427.130725352,866,estoraque,center
449341.00249187095,9152361.23020118,867,ishpingo,slide
448571.1705140041,9153542.424477402,868,estoraque,center
454725.63268368,9154459.595214128,869,shihuahuaco,center
450855.9898221648,9153800.097693954,870,ishpingo,center
453972.9567267221,9153733.11486226,871,yacushapana,slide
453473.9455042666,9154601.014349794,872,ana caspi,slide
453482.20265871927,9154194.882271005,873,ishpingo,center
455513.93030279584,9154088.80619874,874,ana caspi,slide
453602.0930346908,9154351.079500267,875,ishpingo,center
451272.7411502223,9152596.061595077,876,copaiba,slide
451293.1399513613,9152584.7062947,877,copaiba,slide
453465.956127661,9154346.405683516,878,ishpingo,center
453457.67348848487,9154788.705079949,879,ana caspi,center
451363.7981095589,9153321.92730342,880,copaiba,slide
454313.3514638932,9154373.973363372,881,shihuahuaco,center
451560.79057696223,9152632.50229494,882,copaiba,center
450475.92913054326,9152998.716534086,883,caoba,center
448552.2140400882,9153252.37177256,884,estoraque,center
455128.0420491258,9153916.002769755,885,ishpingo,center
454910.34119236586,9153772.176115591,886,ishpingo,center
454972.67925835,9153937.475511944,887,ishpingo,center
454964.5069567231,9154092.41206986,888,ishpingo,center
454849.2878876878,9154092.600275256,889,ishpingo,slide
454745.39047660166,9154073.002251515,890,ishpingo,center
455123.4628471765,9152751.751702083,891,estoraque,slide
455077.6124836625,9152785.202510884,892,estoraque,slide
455138.7093319794,9152977.519329328,893,estoraque,slide
454873.2082944504,9152788.536153227,894,estoraque,center
454925.6905533296,9152820.259981511,895,estoraque,slide
454807.493534354,9153207.604514292,896,estoraque,center
455092.7146278425,9152240.459743433,897,ana caspi,slide
455002.4066579351,9152351.83011481,898,ana caspi,slide
454983.0114879803,9152641.56563286,899,ana caspi,slide
454883.1982826488,9152604.385615136,900,ana caspi,slide
454581.9389991668,9154245.65821132,901,shihuahuaco,center
454726.1135359624,9154361.542470464,902,shihuahuaco,center
454699.0899081576,9154399.611369804,903,shihuahuaco,center
454346.536537458,9154484.23812953,904,shihuahuaco,center
454297.1027390013,9154156.748625614,905,shihuahuaco,center
454388.0859609201,9154288.83226048,906,shihuahuaco,slide
454016.9709057799,9154231.184956828,907,ishpingo,center
453941.3800700336,9154395.3251224,908,ishpingo,center
454318.9179324618,9153950.786574278,909,yacushapana,center
453874.37574304827,9154063.8511526,910,ishpingo,slide
453923.8626491229,9153817.025222188,911,yacushapana,slide
453807.1559944674,9153938.283894489,912,yacushapana,center
453669.9695230592,9153715.9548298,913,ishpingo,slide
453599.36369470105,9154165.268933505,914,ishpingo,center
453442.9969886988,9154947.533800283,915,ana caspi,slide
453374.5691933253,9154849.027376303,916,ana caspi,slide
453326.5971738529,9154671.148164172,917,ana caspi,center
453092.9714167884,9154207.25471438,918,shihuahuaco,center
452765.68584709056,9154470.803936208,919,shihuahuaco,slide
452960.792447898,9154282.941296607,920,shihuahuaco,slide
452539.1488201401,9153977.508173617,921,azãºcar huayo,center
452487.5850063441,9154110.41801408,922,estoraque,center
452694.1038944906,9153454.525562473,923,capirona,center
452696.9627687068,9153473.56807552,924,capirona,slide
452800.312755883,9153366.106606403,925,capirona,slide
452319.8623175168,9153353.525400368,926,capirona,slide
452903.832529336,9152953.04190544,927,estoraque,center
453811.1445763252,9152865.645362936,928,shihuahuaco,center
453877.25240388536,9152569.38325472,929,shihuahuaco,center
451405.6843933569,9152721.12093854,930,copaiba,center
451434.61816677934,9152743.195113502,931,copaiba,center
451319.48327377567,9153759.44024144,932,ishpingo,center
451436.7698120927,9153473.627078917,933,ishpingo,center
451477.36502865097,9152579.498035535,934,copaiba,slide
451420.2609415749,9152581.576990776,935,copaiba,slide
451356.36011225,9152613.853943843,936,copaiba,center
451318.3400730764,9152547.17109007,937,caoba,center
451436.1415399781,9152546.817523057,938,caoba,center
451187.0363735941,9152628.11780973,939,copaiba,slide
451499.893040869,9152252.636253212,940,caoba,center
451624.7629051693,9152365.003334245,941,caoba,center
450644.5260844862,9153528.13840321,942,ishpingo,center
450059.7741152769,9152741.510189151,943,copaiba,slide
449848.7538314007,9152524.588242035,944,azãºcar huayo,slide
449051.579738653,9153651.381069455,945,estoraque,center
456610.41526016215,9154376.886117524,946,ishpingo,center
455988.5279187948,9154082.863141537,947,capirona,center
456124.01674163487,9154372.009561611,948,ishpingo,center
456086.28923897486,9154429.438500049,949,ishpingo,center
455707.1384720221,9154307.798237694,950,capirona,slide
455599.48193548975,9153997.830803225,951,ana caspi,center
455697.0363082551,9154000.569879154,952,capirona,center
592554.8307524166,9144849.278422715,953,cedro,slide
594091.6040157923,9145574.083674831,954,copaiba,center
591508.5418861925,9145731.220200188,955,shihuahuaco,slide
592146.153404013,9144882.370149665,956,azãºcar huayo,slide
592201.5360316883,9144950.000970488,957,azãºcar huayo,slide
592210.9208372474,9144887.052803705,958,azãºcar huayo,slide
592484.7341121451,9145152.06730927,959,pashaco,center
592497.7347915601,9144733.042234084,960,cedro,center
592457.6644507889,9144674.499040805,961,cedro,center
593496.3326590677,9145136.322065772,962,lupuna,slide
592981.5258480255,9144417.673821678,963,copaiba,center
593008.180013068,9144749.594322631,965,copaiba,center
591394.3177377288,9146151.578339156,966,catahua,center
592870.750381405,9144593.08372589,967,copaiba,center
590855.4809483319,9144277.080498807,968,estoraque,center
591731.7697824124,9145054.540346809,969,azãºcar huayo,slide
591812.8585181871,9144904.677173618,970,azãºcar huayo,slide
591881.3963534408,9145128.252287166,971,azãºcar huayo,slide
594648.9211090042,9145829.145182917,972,catuaba,center
593850.2794404085,9144930.919668602,973,lupuna,center
593845.6989219949,9145040.625091314,974,lupuna,slide
595322.3236962013,9145646.54646097,975,guacamayo caspi,slide
581467.4080479332,9140579.600587852,976,catuaba,slide
583398.1246111935,9141228.162563518,977,shihuahuaco,center
581901.9942169553,9142266.596387224,978,ana caspi,center
583593.218374304,9140806.034996651,979,shihuahuaco,center
582691.7681891392,9139717.08981288,980,catahua,center
581664.6178982994,9142381.677092396,981,ana caspi,center
582015.4233556761,9141527.500358442,982,lupuna,slide
581990.8866537457,9141126.539302256,983,lupuna,slide
582002.5658144613,9140837.476004938,984,lupuna,center
581979.8956616311,9139652.79887173,985,copaiba,center
591555.8154658729,9144614.987753836,986,ana caspi,center
591561.3391003977,9144724.914552346,987,ana caspi,center
591497.220623061,9144604.097817589,988,ana caspi,center
594545.5418352011,9145813.013902942,989,catuaba,center
591357.4795465878,9146213.295330364,990,catahua,center
583701.0641251202,9140332.083614508,991,quillobordon,center
583695.4595098357,9140121.243449248,992,quillobordon,center
583623.1277342486,9140141.010931583,993,quillobordon,center
583520.7413504656,9141341.75576259,994,shihuahuaco,slide
583616.7273173886,9141158.406570844,995,shihuahuaco,center
581714.9503338761,9139392.272850038,996,shihuahuaco,center
583781.8515117376,9140928.17347874,997,shihuahuaco,center
583811.9379453299,9140262.1680757,998,quillobordon,center
583725.9173483513,9140322.125911972,999,quillobordon,center
582738.0747424901,9140128.946499204,1000,catahua,slide
583836.462075627,9140460.323583864,1001,quillobordon,center
583477.0411365086,9138944.933912523,1002,ana caspi,center
582187.0969504004,9139812.005731003,1003,guacamayo caspi,center
582491.3548113687,9140096.097818395,1004,catahua,slide
582490.7031561929,9141509.024934957,1005,lupuna,slide
582442.914598048,9140920.311649032,1006,lupuna,slide
583287.7237798148,9139061.473311303,1007,ana caspi,center
582282.6872859442,9141409.276447318,1008,lupuna,slide
582156.718674174,9140493.849928752,1009,estoraque,center
582066.7610147924,9140732.878282474,1010,lupuna,slide
593458.9578527561,9144854.013264338,1011,lupuna,center
593471.2246998271,9144881.587383129,1012,lupuna,center
592980.9908902842,9144592.632602056,1013,copaiba,center
593031.6362366499,9144905.505646013,1014,ishpingo,slide
583563.6683746302,9140430.442646936,1015,quillobordon,center
583517.4417336577,9140412.56030708,1016,quillobordon,center
583554.2176763591,9140130.19250438,1017,quillobordon,center
583577.3542638053,9140367.248581473,1018,quillobordon,center
582934.6028279709,9139753.218109012,1019,catahua,center
582975.5332281077,9139804.358272783,1020,catahua,center
582934.4911489496,9139814.027492426,1021,catahua,center
582962.1739187469,9139807.296216186,1022,catahua,center
582873.6648266134,9140011.74609038,1023,catahua,center
582853.7937157649,9139816.423208756,1024,catahua,center
581624.4835748593,9139405.418007577,1025,shihuahuaco,center
581669.8831613963,9139322.626671584,1026,shihuahuaco,slide
581666.5815482395,9139137.827808958,1027,shihuahuaco,center
583798.9779980528,9140944.348883549,1028,shihuahuaco,center
582758.3192842957,9140017.259263163,1029,catahua,center
583841.1659711017,9140963.468578735,1030,shihuahuaco,center
583676.4837169443,9141086.945770506,1031,shihuahuaco,center
591463.2795108903,9145488.166510783,1032,shihuahuaco,center
594748.0451411246,9145461.98960937,1033,catuaba,center
590362.526551877,9144303.207144905,1034,estoraque,center
594711.4264602398,9145485.545651792,1035,catuaba,center
583390.3572003386,9140120.450476784,1036,quillobordon,center
581537.8916014312,9142382.049455568,1037,ana caspi,center
583576.8282510379,9140150.288800685,1038,quillobordon,center
583584.2507496679,9140164.08239613,1039,quillobordon,center
581681.5211627991,9141984.416419247,1040,ana caspi,center
583316.2209307553,9141012.503664378,1041,shihuahuaco,center
583632.6011554645,9140965.46488566,1042,shihuahuaco,center
582916.4849569873,9140108.45373502,1043,catahua,center
583842.6741954177,9141062.347653495,1044,shihuahuaco,center
582001.3673225485,9141863.902960472,1045,guacamayo caspi,center
583446.9609388385,9139126.683265831,1046,ana caspi,center
583447.0856225105,9138934.702493826,1047,ana caspi,center
583486.9247115069,9138957.117196811,1048,ana caspi,center
583310.6503951449,9139352.05590764,1049,ana caspi,center
582453.9330131807,9140394.226779131,1050,estoraque,center
583624.8182463724,9138878.851818932,1051,ana caspi,slide
583493.3350987757,9138898.817385525,1052,ana caspi,slide
582357.2759754865,9140728.00752,1053,lupuna,slide
583550.7595767948,9139259.800196258,1054,ana caspi,center
582773.6921748017,9140087.912264887,1055,catahua,center
583644.425447329,9140599.340772709,1056,quillobordon,center
581856.7922359,9139524.781241791,1057,shihuahuaco,center
590591.5863598605,9143844.66429679,1058,estoraque,center
594215.001350739,9145771.681696111,1059,copaiba,center
595581.412944675,9145593.72726405,1060,guacamayo caspi,center
591973.3713599942,9144989.72562116,1061,azãºcar huayo,slide
595852.7380701322,9145534.332943654,1062,guacamayo caspi,slide
590868.0535003108,9144175.704548929,1063,estoraque,center
593806.389402455,9144922.858918687,1064,lupuna,center
583712.3674671418,9140599.911286626,1065,quillobordon,center
583611.7259166213,9141015.291422728,1066,shihuahuaco,center
581803.0652998431,9142466.818498308,1067,ana caspi,center
583674.5815005832,9141360.458166622,1068,shihuahuaco,center
581670.8573619958,9139352.76719078,1069,shihuahuaco,center
581636.4519798872,9139224.93482674,1070,shihuahuaco,center
581629.3817076063,9139174.12375799,1071,shihuahuaco,center
582113.5317443494,9139246.244147476,1072,copaiba,slide
582682.2537777289,9139071.284906115,1073,catahua,slide
582803.7606101611,9139216.277486954,1074,catahua,center
590589.1742428185,9144170.208484938,1075,estoraque,center
594338.1400856079,9145416.183975589,1076,copaiba,center
593035.9795760813,9144565.141791634,1077,copaiba,center
593088.0080795967,9145083.920930322,1078,ishpingo,center
593071.3116196962,9145123.947707536,1079,ishpingo,center
593133.148528413,9144462.837563757,1080,copaiba,center
592168.3782721004,9144822.06036194,1081,azãºcar huayo,slide
592182.9359206398,9145046.15118473,1082,azãºcar huayo,slide
592458.107333488,9144694.532617567,1083,cedro,center
592481.4994241135,9144700.112637214,1084,cedro,center
595548.2016119909,9145865.784506518,1085,guacamayo caspi,center
595576.5845349812,9145856.982284224,1086,guacamayo caspi,center
594566.4857921884,9145817.949046228,1087,catuaba,center
594612.7329752996,9145867.85296724,1088,catuaba,center
595872.1449650746,9145524.807910075,1089,guacamayo caspi,center
593706.8307046281,9145048.297558786,1090,lupuna,center
593953.1573524005,9145451.09253701,1091,copaiba,center
594820.8278961484,9145540.533400895,1092,catuaba,center
594776.5975397227,9145487.014386434,1093,catuaba,center
594772.5540999848,9145826.394722637,1094,catuaba,slide
590335.2267381565,9144226.53854156,1095,estoraque,center
590358.2059203929,9144260.462379651,1096,estoraque,center
591275.5475875251,9145398.915150598,1097,shihuahuaco,center
591324.0103496491,9146141.613673529,1098,catahua,center
591285.9852389791,9144148.13979928,1099,estoraque,center
591371.8162635398,9145336.298287664,1100,shihuahuaco,center
591349.9821193136,9145972.89979623,1101,catahua,center
591358.2249289644,9146136.406221204,1102,catahua,center
591373.4891591707,9146152.185708908,1103,catahua,center
591377.2468729266,9146192.256434152,1104,catahua,center
591335.6935220682,9146268.498852927,1105,catahua,center
591361.1450406464,9146295.000038492,1106,catahua,center
591394.4650890545,9146308.816240791,1107,catahua,center
592296.0951546491,9145497.050476152,1108,pashaco,center
591782.0697915208,9144858.271788403,1109,azãºcar huayo,slide
591776.2674226572,9144923.43642081,1110,azãºcar huayo,slide
591738.3437853402,9145433.652858622,1111,shihuahuaco,slide
591733.3509613696,9145825.90312634,1112,shihuahuaco,slide
591728.9442131394,9146013.751038993,1113,catahua,center
595630.1862021559,9145759.299627602,1114,guacamayo caspi,center
591807.5276903104,9145610.125577142,1115,shihuahuaco,slide
593810.3354546909,9145795.093300268,1116,copaiba,center
594636.3074426317,9145687.30256724,1117,catuaba,center
593851.9784291359,9145504.09534583,1118,copaiba,center
593842.050000926,9145621.528061952,1119,copaiba,center
594151.6256965947,9145377.05326921,1120,copaiba,center
594145.8362186602,9145648.28051833,1121,copaiba,center
595405.556773693,9145749.531417731,1122,guacamayo caspi,slide
595376.1048950538,9145761.791883135,1123,guacamayo caspi,slide
583358.4262081804,9140642.385212649,1124,quillobordon,center
581823.3774119344,9141857.101383872,1125,guacamayo caspi,center
581877.4026140342,9141910.487995837,1126,guacamayo caspi,center
581597.4739857907,9140452.789268289,1127,catuaba,slide
581597.947423877,9140469.516735382,1128,catuaba,slide
581548.7484434481,9141801.63485216,1130,guacamayo caspi,center
583548.9090885316,9140906.31982204,1131,shihuahuaco,center
581729.0726905883,9140025.761389254,1132,guacamayo caspi,center
581745.9700162368,9140621.68905787,1133,catuaba,slide
581582.6429066234,9139550.995812103,1134,shihuahuaco,slide
583861.252865151,9140859.742923446,1135,shihuahuaco,center
581645.6743261912,9141764.076856354,1136,guacamayo caspi,center
581918.6393084499,9140883.868517324,1137,lupuna,slide
581945.058124435,9141850.731765702,1138,guacamayo caspi,center
582189.2320325685,9139854.780335324,1139,guacamayo caspi,slide
590547.0603339723,9143989.277920356,1140,estoraque,center
590587.0827953795,9144361.161969615,1141,estoraque,center
591077.2659727886,9144160.529473254,1142,estoraque,center
591589.0205718845,9144554.66847712,1143,ana caspi,center
591622.6963701812,9145117.129306076,1144,azãºcar huayo,slide
591534.1509187922,9145986.40966912,1145,catahua,center
591560.9757557125,9146240.503231272,1146,catahua,center
592071.2124014527,9144936.56385615,1147,azãºcar huayo,slide
594247.376938621,9145819.1825425,1148,copaiba,center
594224.6542246892,9145851.916248132,1149,copaiba,center
592598.0429921487,9145567.949855125,1150,pashaco,center
594305.4428496074,9145775.052820709,1151,copaiba,center
593082.8475229158,9144648.404649029,1152,copaiba,center
593063.0211469185,9144870.913904348,1153,copaiba,center
593107.8064515081,9145006.453412684,1154,ishpingo,slide
594092.9964014813,9145627.889294725,1155,copaiba,center
581533.7260146405,9142551.320784217,1156,ana caspi,center
581869.2858628129,9142571.888750274,1157,ana caspi,center
581947.2443341418,9142179.93441593,1158,ana caspi,center
581813.6991380169,9142251.83068947,1159,ana caspi,center
581730.3191775414,9142344.378236368,1160,ana caspi,center
581731.289433592,9142493.911494857,1161,ana caspi,center
581741.8505752479,9142463.568062404,1162,ana caspi,center
581985.1893958306,9142094.47964684,1163,ana caspi,center
581881.7954634363,9142311.832144365,1164,ana caspi,center
581697.163836953,9142036.213181237,1165,ana caspi,slide
581742.355515516,9142025.63670828,1166,ana caspi,slide
583409.8415217204,9141260.094857998,1167,shihuahuaco,center
583355.5041280973,9141254.89387209,1168,shihuahuaco,center
583755.91992406,9141106.466476202,1169,shihuahuaco,center
583840.0651137308,9140875.817597084,1170,shihuahuaco,center
583753.1892915843,9140154.706867833,1171,quillobordon,center
583500.917168189,9140228.14633273,1172,quillobordon,center
583397.0692727967,9139396.861333488,1173,ana caspi,center
583186.4127774863,9139362.213747486,1174,ana caspi,center
590701.7857526132,9144201.666370174,1175,estoraque,center
591487.1457181186,9144449.664164344,1176,ana caspi,center
591710.7284759182,9144505.232965346,1177,ana caspi,center
591827.2677477408,9145709.57416702,1178,shihuahuaco,slide
581549.9799476762,9139188.214347305,1179,shihuahuaco,center
593112.986422393,9144605.492167223,1180,copaiba,center
